


ARM Macro Assembler    Page 1 


    1 00000000         ; generated by Component: ARM Compiler 5.06 update 6 (bu
                       ild 750) Tool: ArmCC [4d3637]
    2 00000000         ; commandline ArmCC [--c99 --debug -c -S --gnu -o.\objec
                       ts\touch.s --depend=.\objects\touch.d --cpu=Cortex-M0+ -
                       -apcs=interwork -O0 --diag_suppress=9931 -I..\..\..\..\.
                       .\core\device\a31t21x\include -I..\..\..\..\..\driver\a3
                       1t21x\include -I..\..\code_app\library\header -I..\..\co
                       mmon -I..\..\..\..\..\core\cmsis\include -I..\..\code_ap
                       p -D__UVISION_VERSION=526 -DARMCM0P --omf_browse=.\objec
                       ts\touch.crf ..\..\code_lib\touch.c]
    3 00000000                 THUMB
    4 00000000                 REQUIRE8
    5 00000000                 PRESERVE8
    6 00000000         
    7 00000000                 AREA             ||.text||, CODE, READONLY, ALIG
N=2
    8 00000000         
    9 00000000         __NVIC_DisableIRQ
                               PROC
   10 00000000 2800            CMP              r0,#0
   11 00000002 DB15            BLT              |L0.48|
   12 00000004 06C2            LSLS             r2,r0,#27
   13 00000006 0ED2            LSRS             r2,r2,#27
   14 00000008 2101            MOVS             r1,#1
   15 0000000A 4091            LSLS             r1,r1,r2
   16 0000000C 4AF8            LDR              r2,|L0.1008|
   17 0000000E 6011            STR              r1,[r2,#0]
   18 00000010 BF00            NOP
   19 00000012 BF00            NOP
   20 00000014 BF00            NOP
   21 00000016 F3BF 8F4F       DSB
   22 0000001A BF00            NOP
   23 0000001C BF00            NOP
   24 0000001E BF00            NOP
   25 00000020 BF00            NOP
   26 00000022 BF00            NOP
   27 00000024 BF00            NOP
   28 00000026 F3BF 8F6F       ISB
   29 0000002A BF00            NOP
   30 0000002C BF00            NOP
   31 0000002E BF00            NOP
   32 00000030         |L0.48|
   33 00000030 4770            BX               lr
   34 00000032                 ENDP
   35 00000032         
   36 00000032         TOUCH_IRQHandler
                               PROC
   37 00000032 B510            PUSH             {r4,lr}
   38 00000034 48EF            LDR              r0,|L0.1012|
   39 00000036 7800            LDRB             r0,[r0,#0]  ; t_sysbit
   40 00000038 0600            LSLS             r0,r0,#24
   41 0000003A 0FC0            LSRS             r0,r0,#31
   42 0000003C 2800            CMP              r0,#0
   43 0000003E D01F            BEQ              |L0.128|
   44 00000040 48ED            LDR              r0,|L0.1016|
   45 00000042 6A00            LDR              r0,[r0,#0x20]
   46 00000044 2108            MOVS             r1,#8
   47 00000046 4008            ANDS             r0,r0,r1
   48 00000048 2800            CMP              r0,#0



ARM Macro Assembler    Page 2 


   49 0000004A D019            BEQ              |L0.128|
   50 0000004C 48EB            LDR              r0,|L0.1020|
   51 0000004E 7E00            LDRB             r0,[r0,#0x18] ; ts
   52 00000050 2106            MOVS             r1,#6
   53 00000052 4388            BICS             r0,r0,r1
   54 00000054 1C80            ADDS             r0,r0,#2
   55 00000056 49E9            LDR              r1,|L0.1020|
   56 00000058 7608            STRB             r0,[r1,#0x18]
   57 0000005A 201D            MOVS             r0,#0x1d
   58 0000005C F7FF FFFE       BL               __NVIC_DisableIRQ
   59 00000060 48E5            LDR              r0,|L0.1016|
   60 00000062 3020            ADDS             r0,r0,#0x20
   61 00000064 6C00            LDR              r0,[r0,#0x40]
   62 00000066 2101            MOVS             r1,#1
   63 00000068 0609            LSLS             r1,r1,#24
   64 0000006A 4388            BICS             r0,r0,r1
   65 0000006C 49E2            LDR              r1,|L0.1016|
   66 0000006E 3120            ADDS             r1,r1,#0x20
   67 00000070 6408            STR              r0,[r1,#0x40]
   68 00000072 48E1            LDR              r0,|L0.1016|
   69 00000074 6A00            LDR              r0,[r0,#0x20]
   70 00000076 2109            MOVS             r1,#9
   71 00000078 4388            BICS             r0,r0,r1
   72 0000007A 49DF            LDR              r1,|L0.1016|
   73 0000007C 6208            STR              r0,[r1,#0x20]
   74 0000007E         |L0.126|
   75 0000007E BD10            POP              {r4,pc}
   76 00000080         |L0.128|
   77 00000080 48DE            LDR              r0,|L0.1020|
   78 00000082 3860            SUBS             r0,r0,#0x60
   79 00000084 7C00            LDRB             r0,[r0,#0x10] ; ts
   80 00000086 2801            CMP              r0,#1
   81 00000088 D11A            BNE              |L0.192|
   82 0000008A 48DC            LDR              r0,|L0.1020|
   83 0000008C 38C0            SUBS             r0,r0,#0xc0
   84 0000008E 6E80            LDR              r0,[r0,#0x68] ; ts
   85 00000090 7804            LDRB             r4,[r0,#0]
   86 00000092 00E0            LSLS             r0,r4,#3
   87 00000094 49DA            LDR              r1,|L0.1024|
   88 00000096 1840            ADDS             r0,r0,r1
   89 00000098 6800            LDR              r0,[r0,#0]
   90 0000009A 49D8            LDR              r1,|L0.1020|
   91 0000009C 39C0            SUBS             r1,r1,#0xc0
   92 0000009E 6A09            LDR              r1,[r1,#0x20] ; ts
   93 000000A0 6008            STR              r0,[r1,#0]
   94 000000A2 0060            LSLS             r0,r4,#1
   95 000000A4 1C40            ADDS             r0,r0,#1
   96 000000A6 0080            LSLS             r0,r0,#2
   97 000000A8 49D5            LDR              r1,|L0.1024|
   98 000000AA 1840            ADDS             r0,r0,r1
   99 000000AC 6800            LDR              r0,[r0,#0]
  100 000000AE 49D3            LDR              r1,|L0.1020|
  101 000000B0 39C0            SUBS             r1,r1,#0xc0
  102 000000B2 6A09            LDR              r1,[r1,#0x20] ; ts
  103 000000B4 6048            STR              r0,[r1,#4]
  104 000000B6 2102            MOVS             r1,#2
  105 000000B8 48D0            LDR              r0,|L0.1020|
  106 000000BA 3860            SUBS             r0,r0,#0x60
  107 000000BC 7401            STRB             r1,[r0,#0x10]



ARM Macro Assembler    Page 3 


  108 000000BE E01E            B                |L0.254|
  109 000000C0         |L0.192|
  110 000000C0 48CE            LDR              r0,|L0.1020|
  111 000000C2 38C0            SUBS             r0,r0,#0xc0
  112 000000C4 6CC1            LDR              r1,[r0,#0x4c] ; ts
  113 000000C6 3060            ADDS             r0,r0,#0x60
  114 000000C8 7800            LDRB             r0,[r0,#0]  ; ts
  115 000000CA 5C0C            LDRB             r4,[r1,r0]
  116 000000CC 00E0            LSLS             r0,r4,#3
  117 000000CE 49CC            LDR              r1,|L0.1024|
  118 000000D0 1840            ADDS             r0,r0,r1
  119 000000D2 6801            LDR              r1,[r0,#0]
  120 000000D4 48C9            LDR              r0,|L0.1020|
  121 000000D6 38C0            SUBS             r0,r0,#0xc0
  122 000000D8 69C2            LDR              r2,[r0,#0x1c] ; ts
  123 000000DA 3060            ADDS             r0,r0,#0x60
  124 000000DC 7800            LDRB             r0,[r0,#0]  ; ts
  125 000000DE 00C0            LSLS             r0,r0,#3
  126 000000E0 5011            STR              r1,[r2,r0]
  127 000000E2 0060            LSLS             r0,r4,#1
  128 000000E4 1C40            ADDS             r0,r0,#1
  129 000000E6 0080            LSLS             r0,r0,#2
  130 000000E8 49C5            LDR              r1,|L0.1024|
  131 000000EA 1840            ADDS             r0,r0,r1
  132 000000EC 6801            LDR              r1,[r0,#0]
  133 000000EE 48C3            LDR              r0,|L0.1020|
  134 000000F0 38C0            SUBS             r0,r0,#0xc0
  135 000000F2 69C2            LDR              r2,[r0,#0x1c] ; ts
  136 000000F4 3060            ADDS             r0,r0,#0x60
  137 000000F6 7800            LDRB             r0,[r0,#0]  ; ts
  138 000000F8 00C0            LSLS             r0,r0,#3
  139 000000FA 1810            ADDS             r0,r2,r0
  140 000000FC 6041            STR              r1,[r0,#4]
  141 000000FE         |L0.254|
  142 000000FE 2000            MOVS             r0,#0
  143 00000100 49BD            LDR              r1,|L0.1016|
  144 00000102 6208            STR              r0,[r1,#0x20]
  145 00000104 48BD            LDR              r0,|L0.1020|
  146 00000106 3860            SUBS             r0,r0,#0x60
  147 00000108 7800            LDRB             r0,[r0,#0]  ; ts
  148 0000010A 1C40            ADDS             r0,r0,#1
  149 0000010C B2C1            UXTB             r1,r0
  150 0000010E 48BB            LDR              r0,|L0.1020|
  151 00000110 3860            SUBS             r0,r0,#0x60
  152 00000112 7001            STRB             r1,[r0,#0]
  153 00000114 7C00            LDRB             r0,[r0,#0x10] ; ts
  154 00000116 2802            CMP              r0,#2
  155 00000118 D10F            BNE              |L0.314|
  156 0000011A 48B8            LDR              r0,|L0.1020|
  157 0000011C 7E00            LDRB             r0,[r0,#0x18] ; ts
  158 0000011E 2106            MOVS             r1,#6
  159 00000120 4388            BICS             r0,r0,r1
  160 00000122 1D00            ADDS             r0,r0,#4
  161 00000124 49B5            LDR              r1,|L0.1020|
  162 00000126 7608            STRB             r0,[r1,#0x18]
  163 00000128 2100            MOVS             r1,#0
  164 0000012A 48B4            LDR              r0,|L0.1020|
  165 0000012C 3860            SUBS             r0,r0,#0x60
  166 0000012E 7001            STRB             r1,[r0,#0]



ARM Macro Assembler    Page 4 


  167 00000130 7401            STRB             r1,[r0,#0x10]
  168 00000132 201D            MOVS             r0,#0x1d
  169 00000134 F7FF FFFE       BL               __NVIC_DisableIRQ
  170 00000138 E049            B                |L0.462|
  171 0000013A         |L0.314|
  172 0000013A 48B0            LDR              r0,|L0.1020|
  173 0000013C 3860            SUBS             r0,r0,#0x60
  174 0000013E 7801            LDRB             r1,[r0,#0]  ; ts
  175 00000140 7840            LDRB             r0,[r0,#1]  ; ts
  176 00000142 4281            CMP              r1,r0
  177 00000144 D12D            BNE              |L0.418|
  178 00000146 48AD            LDR              r0,|L0.1020|
  179 00000148 38C0            SUBS             r0,r0,#0xc0
  180 0000014A 6EC0            LDR              r0,[r0,#0x6c] ; ts
  181 0000014C 2800            CMP              r0,#0
  182 0000014E D10F            BNE              |L0.368|
  183 00000150 48AA            LDR              r0,|L0.1020|
  184 00000152 7E00            LDRB             r0,[r0,#0x18] ; ts
  185 00000154 2106            MOVS             r1,#6
  186 00000156 4388            BICS             r0,r0,r1
  187 00000158 1D00            ADDS             r0,r0,#4
  188 0000015A 49A8            LDR              r1,|L0.1020|
  189 0000015C 7608            STRB             r0,[r1,#0x18]
  190 0000015E 2100            MOVS             r1,#0
  191 00000160 48A6            LDR              r0,|L0.1020|
  192 00000162 3860            SUBS             r0,r0,#0x60
  193 00000164 7001            STRB             r1,[r0,#0]
  194 00000166 7401            STRB             r1,[r0,#0x10]
  195 00000168 201D            MOVS             r0,#0x1d
  196 0000016A F7FF FFFE       BL               __NVIC_DisableIRQ
  197 0000016E E02E            B                |L0.462|
  198 00000170         |L0.368|
  199 00000170 2100            MOVS             r1,#0
  200 00000172 48A1            LDR              r0,|L0.1016|
  201 00000174 3020            ADDS             r0,r0,#0x20
  202 00000176 60C1            STR              r1,[r0,#0xc]
  203 00000178 48A0            LDR              r0,|L0.1020|
  204 0000017A 38C0            SUBS             r0,r0,#0xc0
  205 0000017C 6E80            LDR              r0,[r0,#0x68] ; ts
  206 0000017E 7804            LDRB             r4,[r0,#0]
  207 00000180 489D            LDR              r0,|L0.1016|
  208 00000182 3020            ADDS             r0,r0,#0x20
  209 00000184 68C0            LDR              r0,[r0,#0xc]
  210 00000186 2101            MOVS             r1,#1
  211 00000188 40A1            LSLS             r1,r1,r4
  212 0000018A 4308            ORRS             r0,r0,r1
  213 0000018C 499A            LDR              r1,|L0.1016|
  214 0000018E 3120            ADDS             r1,r1,#0x20
  215 00000190 60C8            STR              r0,[r1,#0xc]
  216 00000192 2011            MOVS             r0,#0x11
  217 00000194 4998            LDR              r1,|L0.1016|
  218 00000196 6208            STR              r0,[r1,#0x20]
  219 00000198 2101            MOVS             r1,#1
  220 0000019A 4898            LDR              r0,|L0.1020|
  221 0000019C 3860            SUBS             r0,r0,#0x60
  222 0000019E 7401            STRB             r1,[r0,#0x10]
  223 000001A0 E015            B                |L0.462|
  224 000001A2         |L0.418|
  225 000001A2 2100            MOVS             r1,#0



ARM Macro Assembler    Page 5 


  226 000001A4 4894            LDR              r0,|L0.1016|
  227 000001A6 3020            ADDS             r0,r0,#0x20
  228 000001A8 60C1            STR              r1,[r0,#0xc]
  229 000001AA 4894            LDR              r0,|L0.1020|
  230 000001AC 38C0            SUBS             r0,r0,#0xc0
  231 000001AE 6CC1            LDR              r1,[r0,#0x4c] ; ts
  232 000001B0 3060            ADDS             r0,r0,#0x60
  233 000001B2 7800            LDRB             r0,[r0,#0]  ; ts
  234 000001B4 5C0C            LDRB             r4,[r1,r0]
  235 000001B6 4890            LDR              r0,|L0.1016|
  236 000001B8 3020            ADDS             r0,r0,#0x20
  237 000001BA 68C0            LDR              r0,[r0,#0xc]
  238 000001BC 2101            MOVS             r1,#1
  239 000001BE 40A1            LSLS             r1,r1,r4
  240 000001C0 4308            ORRS             r0,r0,r1
  241 000001C2 498D            LDR              r1,|L0.1016|
  242 000001C4 3120            ADDS             r1,r1,#0x20
  243 000001C6 60C8            STR              r0,[r1,#0xc]
  244 000001C8 2011            MOVS             r0,#0x11
  245 000001CA 498B            LDR              r1,|L0.1016|
  246 000001CC 6208            STR              r0,[r1,#0x20]
  247 000001CE         |L0.462|
  248 000001CE BF00            NOP
  249 000001D0 E755            B                |L0.126|
  250 000001D2                 ENDP
  251 000001D2         
  252 000001D2         Touch_Set_Mode
                               PROC
  253 000001D2 498A            LDR              r1,|L0.1020|
  254 000001D4 3960            SUBS             r1,r1,#0x60
  255 000001D6 7448            STRB             r0,[r1,#0x11]
  256 000001D8 4770            BX               lr
  257 000001DA                 ENDP
  258 000001DA         
  259 000001DA         Touch_Set_Shield
                               PROC
  260 000001DA B570            PUSH             {r4-r6,lr}
  261 000001DC 4604            MOV              r4,r0
  262 000001DE 460D            MOV              r5,r1
  263 000001E0 4886            LDR              r0,|L0.1020|
  264 000001E2 7E00            LDRB             r0,[r0,#0x18] ; ts
  265 000001E4 2110            MOVS             r1,#0x10
  266 000001E6 4388            BICS             r0,r0,r1
  267 000001E8 4984            LDR              r1,|L0.1020|
  268 000001EA 7608            STRB             r0,[r1,#0x18]
  269 000001EC 4608            MOV              r0,r1
  270 000001EE 7E00            LDRB             r0,[r0,#0x18] ; ts
  271 000001F0 2120            MOVS             r1,#0x20
  272 000001F2 4388            BICS             r0,r0,r1
  273 000001F4 4981            LDR              r1,|L0.1020|
  274 000001F6 7608            STRB             r0,[r1,#0x18]
  275 000001F8 2C01            CMP              r4,#1
  276 000001FA D001            BEQ              |L0.512|
  277 000001FC 2D01            CMP              r5,#1
  278 000001FE D13F            BNE              |L0.640|
  279 00000200         |L0.512|
  280 00000200 2C01            CMP              r4,#1
  281 00000202 D10D            BNE              |L0.544|
  282 00000204 487D            LDR              r0,|L0.1020|



ARM Macro Assembler    Page 6 


  283 00000206 7E00            LDRB             r0,[r0,#0x18] ; ts
  284 00000208 2120            MOVS             r1,#0x20
  285 0000020A 4388            BICS             r0,r0,r1
  286 0000020C 3020            ADDS             r0,r0,#0x20
  287 0000020E 497B            LDR              r1,|L0.1020|
  288 00000210 7608            STRB             r0,[r1,#0x18]
  289 00000212 4608            MOV              r0,r1
  290 00000214 38C0            SUBS             r0,r0,#0xc0
  291 00000216 6D41            LDR              r1,[r0,#0x54] ; ts
  292 00000218 4877            LDR              r0,|L0.1016|
  293 0000021A 3020            ADDS             r0,r0,#0x20
  294 0000021C 6401            STR              r1,[r0,#0x40]
  295 0000021E E003            B                |L0.552|
  296 00000220         |L0.544|
  297 00000220 2100            MOVS             r1,#0
  298 00000222 4875            LDR              r0,|L0.1016|
  299 00000224 3020            ADDS             r0,r0,#0x20
  300 00000226 6401            STR              r1,[r0,#0x40]
  301 00000228         |L0.552|
  302 00000228 2D01            CMP              r5,#1
  303 0000022A D11F            BNE              |L0.620|
  304 0000022C 2205            MOVS             r2,#5
  305 0000022E 2101            MOVS             r1,#1
  306 00000230 2004            MOVS             r0,#4
  307 00000232 F7FF FFFE       BL               HAL_GPIO_SetFunction
  308 00000236 2202            MOVS             r2,#2
  309 00000238 2101            MOVS             r1,#1
  310 0000023A 2004            MOVS             r0,#4
  311 0000023C F7FF FFFE       BL               HAL_GPIO_SetMode
  312 00000240 486D            LDR              r0,|L0.1016|
  313 00000242 3020            ADDS             r0,r0,#0x20
  314 00000244 6C00            LDR              r0,[r0,#0x40]
  315 00000246 05E9            LSLS             r1,r5,#23
  316 00000248 4388            BICS             r0,r0,r1
  317 0000024A 496B            LDR              r1,|L0.1016|
  318 0000024C 3120            ADDS             r1,r1,#0x20
  319 0000024E 6408            STR              r0,[r1,#0x40]
  320 00000250 4608            MOV              r0,r1
  321 00000252 6C00            LDR              r0,[r0,#0x40]
  322 00000254 0689            LSLS             r1,r1,#26
  323 00000256 4308            ORRS             r0,r0,r1
  324 00000258 4967            LDR              r1,|L0.1016|
  325 0000025A 3120            ADDS             r1,r1,#0x20
  326 0000025C 6408            STR              r0,[r1,#0x40]
  327 0000025E 4867            LDR              r0,|L0.1020|
  328 00000260 7E00            LDRB             r0,[r0,#0x18] ; ts
  329 00000262 2110            MOVS             r1,#0x10
  330 00000264 4388            BICS             r0,r0,r1
  331 00000266 3010            ADDS             r0,r0,#0x10
  332 00000268 4964            LDR              r1,|L0.1020|
  333 0000026A 7608            STRB             r0,[r1,#0x18]
  334 0000026C         |L0.620|
  335 0000026C 4862            LDR              r0,|L0.1016|
  336 0000026E 3020            ADDS             r0,r0,#0x20
  337 00000270 6C00            LDR              r0,[r0,#0x40]
  338 00000272 2101            MOVS             r1,#1
  339 00000274 0609            LSLS             r1,r1,#24
  340 00000276 4308            ORRS             r0,r0,r1
  341 00000278 495F            LDR              r1,|L0.1016|



ARM Macro Assembler    Page 7 


  342 0000027A 3120            ADDS             r1,r1,#0x20
  343 0000027C 6408            STR              r0,[r1,#0x40]
  344 0000027E E008            B                |L0.658|
  345 00000280         |L0.640|
  346 00000280 485D            LDR              r0,|L0.1016|
  347 00000282 3020            ADDS             r0,r0,#0x20
  348 00000284 6C00            LDR              r0,[r0,#0x40]
  349 00000286 2101            MOVS             r1,#1
  350 00000288 0609            LSLS             r1,r1,#24
  351 0000028A 4388            BICS             r0,r0,r1
  352 0000028C 495A            LDR              r1,|L0.1016|
  353 0000028E 3120            ADDS             r1,r1,#0x20
  354 00000290 6408            STR              r0,[r1,#0x40]
  355 00000292         |L0.658|
  356 00000292 BD70            POP              {r4-r6,pc}
  357 00000294                 ENDP
  358 00000294         
  359 00000294         Touch_Set_Sum_Count
                               PROC
  360 00000294 4958            LDR              r1,|L0.1016|
  361 00000296 3120            ADDS             r1,r1,#0x20
  362 00000298 6088            STR              r0,[r1,#8]
  363 0000029A 4770            BX               lr
  364 0000029C                 ENDP
  365 0000029C         
  366 0000029C         Touch_Set_Common_THD
                               PROC
  367 0000029C 4601            MOV              r1,r0
  368 0000029E 2000            MOVS             r0,#0
  369 000002A0 E006            B                |L0.688|
  370 000002A2         |L0.674|
  371 000002A2 4A56            LDR              r2,|L0.1020|
  372 000002A4 3AC0            SUBS             r2,r2,#0xc0
  373 000002A6 6892            LDR              r2,[r2,#8]  ; ts
  374 000002A8 0083            LSLS             r3,r0,#2
  375 000002AA 50D1            STR              r1,[r2,r3]
  376 000002AC 1C42            ADDS             r2,r0,#1
  377 000002AE B2D0            UXTB             r0,r2
  378 000002B0         |L0.688|
  379 000002B0 4A52            LDR              r2,|L0.1020|
  380 000002B2 3A60            SUBS             r2,r2,#0x60
  381 000002B4 7852            LDRB             r2,[r2,#1]  ; ts
  382 000002B6 4282            CMP              r2,r0
  383 000002B8 DCF3            BGT              |L0.674|
  384 000002BA 4770            BX               lr
  385 000002BC                 ENDP
  386 000002BC         
  387 000002BC         Touch_Set_CH_THD
                               PROC
  388 000002BC 4A4F            LDR              r2,|L0.1020|
  389 000002BE 3AC0            SUBS             r2,r2,#0xc0
  390 000002C0 6892            LDR              r2,[r2,#8]  ; ts
  391 000002C2 0083            LSLS             r3,r0,#2
  392 000002C4 50D1            STR              r1,[r2,r3]
  393 000002C6 4770            BX               lr
  394 000002C8                 ENDP
  395 000002C8         
  396 000002C8         Touch_Set_Common_POS_noise_THD
                               PROC



ARM Macro Assembler    Page 8 


  397 000002C8 4601            MOV              r1,r0
  398 000002CA 4A4E            LDR              r2,|L0.1028|
  399 000002CC 4291            CMP              r1,r2
  400 000002CE D900            BLS              |L0.722|
  401 000002D0 4611            MOV              r1,r2
  402 000002D2         |L0.722|
  403 000002D2 2000            MOVS             r0,#0
  404 000002D4 E006            B                |L0.740|
  405 000002D6         |L0.726|
  406 000002D6 4A49            LDR              r2,|L0.1020|
  407 000002D8 3A40            SUBS             r2,r2,#0x40
  408 000002DA 6C92            LDR              r2,[r2,#0x48] ; ts
  409 000002DC 0083            LSLS             r3,r0,#2
  410 000002DE 50D1            STR              r1,[r2,r3]
  411 000002E0 1C42            ADDS             r2,r0,#1
  412 000002E2 B2D0            UXTB             r0,r2
  413 000002E4         |L0.740|
  414 000002E4 4A45            LDR              r2,|L0.1020|
  415 000002E6 3A60            SUBS             r2,r2,#0x60
  416 000002E8 7852            LDRB             r2,[r2,#1]  ; ts
  417 000002EA 4282            CMP              r2,r0
  418 000002EC DCF3            BGT              |L0.726|
  419 000002EE 4770            BX               lr
  420 000002F0                 ENDP
  421 000002F0         
  422 000002F0         Touch_Set_CH_POS_noise_THD
                               PROC
  423 000002F0 4A44            LDR              r2,|L0.1028|
  424 000002F2 4291            CMP              r1,r2
  425 000002F4 D900            BLS              |L0.760|
  426 000002F6 4611            MOV              r1,r2
  427 000002F8         |L0.760|
  428 000002F8 4A40            LDR              r2,|L0.1020|
  429 000002FA 3A40            SUBS             r2,r2,#0x40
  430 000002FC 6C92            LDR              r2,[r2,#0x48] ; ts
  431 000002FE 0083            LSLS             r3,r0,#2
  432 00000300 50D1            STR              r1,[r2,r3]
  433 00000302 4770            BX               lr
  434 00000304                 ENDP
  435 00000304         
  436 00000304         Touch_Set_Group_CH
                               PROC
  437 00000304 4A3D            LDR              r2,|L0.1020|
  438 00000306 3A40            SUBS             r2,r2,#0x40
  439 00000308 6CD2            LDR              r2,[r2,#0x4c] ; ts
  440 0000030A 5411            STRB             r1,[r2,r0]
  441 0000030C 4770            BX               lr
  442 0000030E                 ENDP
  443 0000030E         
  444 0000030E         Touch_Set_NoiseTHD_Rate
                               PROC
  445 0000030E 493B            LDR              r1,|L0.1020|
  446 00000310 3920            SUBS             r1,r1,#0x20
  447 00000312 7108            STRB             r0,[r1,#4]
  448 00000314 4770            BX               lr
  449 00000316                 ENDP
  450 00000316         
  451 00000316         Touch_Set_BaseHold_Rate
                               PROC



ARM Macro Assembler    Page 9 


  452 00000316 4939            LDR              r1,|L0.1020|
  453 00000318 3920            SUBS             r1,r1,#0x20
  454 0000031A 7148            STRB             r0,[r1,#5]
  455 0000031C 4770            BX               lr
  456 0000031E                 ENDP
  457 0000031E         
  458 0000031E         Touch_Set_Base_Tracking
                               PROC
  459 0000031E 4B37            LDR              r3,|L0.1020|
  460 00000320 3B40            SUBS             r3,r3,#0x40
  461 00000322 7458            STRB             r0,[r3,#0x11]
  462 00000324 7499            STRB             r1,[r3,#0x12]
  463 00000326 615A            STR              r2,[r3,#0x14] ; ts
  464 00000328 4770            BX               lr
  465 0000032A                 ENDP
  466 0000032A         
  467 0000032A         Touch_Set_Hold_Key_Release_Time
                               PROC
  468 0000032A 4934            LDR              r1,|L0.1020|
  469 0000032C 3940            SUBS             r1,r1,#0x40
  470 0000032E 6388            STR              r0,[r1,#0x38] ; ts
  471 00000330 4770            BX               lr
  472 00000332                 ENDP
  473 00000332         
  474 00000332         Touch_Set_Single_Key_Press_limit
                               PROC
  475 00000332 2802            CMP              r0,#2
  476 00000334 DA00            BGE              |L0.824|
  477 00000336 2002            MOVS             r0,#2
  478 00000338         |L0.824|
  479 00000338 4930            LDR              r1,|L0.1020|
  480 0000033A 7108            STRB             r0,[r1,#4]
  481 0000033C 4770            BX               lr
  482 0000033E                 ENDP
  483 0000033E         
  484 0000033E         Touch_Set_Release_Rate
                               PROC
  485 0000033E 492F            LDR              r1,|L0.1020|
  486 00000340 3960            SUBS             r1,r1,#0x60
  487 00000342 7748            STRB             r0,[r1,#0x1d]
  488 00000344 4770            BX               lr
  489 00000346                 ENDP
  490 00000346         
  491 00000346         Touch_Set_Reverse_Rate
                               PROC
  492 00000346 492D            LDR              r1,|L0.1020|
  493 00000348 3960            SUBS             r1,r1,#0x60
  494 0000034A 7708            STRB             r0,[r1,#0x1c]
  495 0000034C 4770            BX               lr
  496 0000034E                 ENDP
  497 0000034E         
  498 0000034E         Touch_Set_Reverse_Time
                               PROC
  499 0000034E 492B            LDR              r1,|L0.1020|
  500 00000350 39C0            SUBS             r1,r1,#0xc0
  501 00000352 6788            STR              r0,[r1,#0x78] ; ts
  502 00000354 4770            BX               lr
  503 00000356                 ENDP
  504 00000356         



ARM Macro Assembler    Page 10 


  505 00000356         Touch_Set_Debounce
                               PROC
  506 00000356 4A29            LDR              r2,|L0.1020|
  507 00000358 3A60            SUBS             r2,r2,#0x60
  508 0000035A 74D0            STRB             r0,[r2,#0x13]
  509 0000035C 7511            STRB             r1,[r2,#0x14]
  510 0000035E 4770            BX               lr
  511 00000360                 ENDP
  512 00000360         
  513 00000360         Touch_Set_IIR
                               PROC
  514 00000360 4926            LDR              r1,|L0.1020|
  515 00000362 3960            SUBS             r1,r1,#0x60
  516 00000364 7548            STRB             r0,[r1,#0x15]
  517 00000366 4770            BX               lr
  518 00000368                 ENDP
  519 00000368         
  520 00000368         Touch_Set_Init_Delay
                               PROC
  521 00000368 4924            LDR              r1,|L0.1020|
  522 0000036A 3940            SUBS             r1,r1,#0x40
  523 0000036C 6008            STR              r0,[r1,#0]  ; ts
  524 0000036E 4770            BX               lr
  525 00000370                 ENDP
  526 00000370         
  527 00000370         Touch_Set_Inact_Port
                               PROC
  528 00000370 2803            CMP              r0,#3
  529 00000372 DA03            BGE              |L0.892|
  530 00000374 4921            LDR              r1,|L0.1020|
  531 00000376 3920            SUBS             r1,r1,#0x20
  532 00000378 7188            STRB             r0,[r1,#6]
  533 0000037A E003            B                |L0.900|
  534 0000037C         |L0.892|
  535 0000037C 2201            MOVS             r2,#1
  536 0000037E 491F            LDR              r1,|L0.1020|
  537 00000380 3920            SUBS             r1,r1,#0x20
  538 00000382 718A            STRB             r2,[r1,#6]
  539 00000384         |L0.900|
  540 00000384 4770            BX               lr
  541 00000386                 ENDP
  542 00000386         
  543 00000386         Touch_Set_Frequency
                               PROC
  544 00000386 491D            LDR              r1,|L0.1020|
  545 00000388 3920            SUBS             r1,r1,#0x20
  546 0000038A 71C8            STRB             r0,[r1,#7]
  547 0000038C 4770            BX               lr
  548 0000038E                 ENDP
  549 0000038E         
  550 0000038E         Touch_Set_Comp_RefV
                               PROC
  551 0000038E B510            PUSH             {r4,lr}
  552 00000390 4604            MOV              r4,r0
  553 00000392 2105            MOVS             r1,#5
  554 00000394 4620            MOV              r0,r4
  555 00000396 F7FF FFFE       BL               __aeabi_uidivmod
  556 0000039A 4918            LDR              r1,|L0.1020|
  557 0000039C 3940            SUBS             r1,r1,#0x40



ARM Macro Assembler    Page 11 


  558 0000039E 6288            STR              r0,[r1,#0x28] ; ts
  559 000003A0 BD10            POP              {r4,pc}
  560 000003A2                 ENDP
  561 000003A2         
  562 000003A2         Touch_Set_VHS
                               PROC
  563 000003A2 B510            PUSH             {r4,lr}
  564 000003A4 4604            MOV              r4,r0
  565 000003A6 2105            MOVS             r1,#5
  566 000003A8 4620            MOV              r0,r4
  567 000003AA F7FF FFFE       BL               __aeabi_uidivmod
  568 000003AE 4913            LDR              r1,|L0.1020|
  569 000003B0 3940            SUBS             r1,r1,#0x40
  570 000003B2 62C8            STR              r0,[r1,#0x2c] ; ts
  571 000003B4 BD10            POP              {r4,pc}
  572 000003B6                 ENDP
  573 000003B6         
  574 000003B6         Touch_Set_Freq_Shift
                               PROC
  575 000003B6 2800            CMP              r0,#0
  576 000003B8 DD03            BLE              |L0.962|
  577 000003BA 4910            LDR              r1,|L0.1020|
  578 000003BC 3920            SUBS             r1,r1,#0x20
  579 000003BE 7408            STRB             r0,[r1,#0x10]
  580 000003C0 E004            B                |L0.972|
  581 000003C2         |L0.962|
  582 000003C2 0682            LSLS             r2,r0,#26
  583 000003C4 0E92            LSRS             r2,r2,#26
  584 000003C6 490D            LDR              r1,|L0.1020|
  585 000003C8 3920            SUBS             r1,r1,#0x20
  586 000003CA 740A            STRB             r2,[r1,#0x10]
  587 000003CC         |L0.972|
  588 000003CC 4770            BX               lr
  589 000003CE                 ENDP
  590 000003CE         
  591 000003CE         Touch_Set_Common_Serial_Register
                               PROC
  592 000003CE 4601            MOV              r1,r0
  593 000003D0 2000            MOVS             r0,#0
  594 000003D2 E006            B                |L0.994|
  595 000003D4         |L0.980|
  596 000003D4 2270            MOVS             r2,#0x70
  597 000003D6 430A            ORRS             r2,r2,r1
  598 000003D8 4B08            LDR              r3,|L0.1020|
  599 000003DA 3BC0            SUBS             r3,r3,#0xc0
  600 000003DC 6D1B            LDR              r3,[r3,#0x50] ; ts
  601 000003DE 541A            STRB             r2,[r3,r0]
  602 000003E0 1C40            ADDS             r0,r0,#1
  603 000003E2         |L0.994|
  604 000003E2 4A06            LDR              r2,|L0.1020|
  605 000003E4 3A60            SUBS             r2,r2,#0x60
  606 000003E6 7852            LDRB             r2,[r2,#1]  ; ts
  607 000003E8 4282            CMP              r2,r0
  608 000003EA D8F3            BHI              |L0.980|
  609 000003EC 4770            BX               lr
  610 000003EE 00 00           DCW              0x0000
  611 000003F0         |L0.1008|
  612 000003F0 E000E180        DCD              0xe000e180
  613 000003F4         |L0.1012|



ARM Macro Assembler    Page 12 


  614 000003F4 00000000        DCD              t_sysbit
  615 000003F8         |L0.1016|
  616 000003F8 40003700        DCD              0x40003700
  617 000003FC         |L0.1020|
  618 000003FC 000000C0        DCD              ||ts||+0xc0
  619 00000400         |L0.1024|
  620 00000400 40003600        DCD              0x40003600
  621 00000404         |L0.1028|
  622 00000404 00007FFF        DCD              0x00007fff
  623 00000408                 ENDP
  624 00000408         
  625 00000408         Touch_Set_CH_Serial_Register
                               PROC
  626 00000408 2270            MOVS             r2,#0x70
  627 0000040A 430A            ORRS             r2,r2,r1
  628 0000040C 4BFE            LDR              r3,|L0.2056|
  629 0000040E 6D1B            LDR              r3,[r3,#0x50] ; ts
  630 00000410 541A            STRB             r2,[r3,r0]
  631 00000412 4770            BX               lr
  632 00000414                 ENDP
  633 00000414         
  634 00000414         Touch_Get_Key
                               PROC
  635 00000414 48FC            LDR              r0,|L0.2056|
  636 00000416 6D80            LDR              r0,[r0,#0x58] ; ts
  637 00000418 4770            BX               lr
  638 0000041A                 ENDP
  639 0000041A         
  640 0000041A         Touch_Init_Variable
                               PROC
  641 0000041A 2200            MOVS             r2,#0
  642 0000041C 4BFA            LDR              r3,|L0.2056|
  643 0000041E 701A            STRB             r2,[r3,#0]
  644 00000420 2300            MOVS             r3,#0
  645 00000422 4AF9            LDR              r2,|L0.2056|
  646 00000424 3260            ADDS             r2,r2,#0x60
  647 00000426 7013            STRB             r3,[r2,#0]
  648 00000428 7413            STRB             r3,[r2,#0x10]
  649 0000042A 2200            MOVS             r2,#0
  650 0000042C 4BF6            LDR              r3,|L0.2056|
  651 0000042E 6A5B            LDR              r3,[r3,#0x24] ; ts
  652 00000430 601A            STR              r2,[r3,#0]
  653 00000432 4BF5            LDR              r3,|L0.2056|
  654 00000434 6A5B            LDR              r3,[r3,#0x24] ; ts
  655 00000436 605A            STR              r2,[r3,#4]
  656 00000438 2100            MOVS             r1,#0
  657 0000043A E008            B                |L0.1102|
  658 0000043C         |L0.1084|
  659 0000043C 2200            MOVS             r2,#0
  660 0000043E 4BF2            LDR              r3,|L0.2056|
  661 00000440 6C5B            LDR              r3,[r3,#0x44] ; ts
  662 00000442 545A            STRB             r2,[r3,r1]
  663 00000444 4BF0            LDR              r3,|L0.2056|
  664 00000446 6C9B            LDR              r3,[r3,#0x48] ; ts
  665 00000448 545A            STRB             r2,[r3,r1]
  666 0000044A 1C4A            ADDS             r2,r1,#1
  667 0000044C B2D1            UXTB             r1,r2
  668 0000044E         |L0.1102|
  669 0000044E 4AEE            LDR              r2,|L0.2056|



ARM Macro Assembler    Page 13 


  670 00000450 3260            ADDS             r2,r2,#0x60
  671 00000452 7852            LDRB             r2,[r2,#1]  ; ts
  672 00000454 428A            CMP              r2,r1
  673 00000456 DCF1            BGT              |L0.1084|
  674 00000458 4AEB            LDR              r2,|L0.2056|
  675 0000045A 32C0            ADDS             r2,r2,#0xc0
  676 0000045C 7E12            LDRB             r2,[r2,#0x18] ; ts
  677 0000045E 0852            LSRS             r2,r2,#1
  678 00000460 0052            LSLS             r2,r2,#1
  679 00000462 4BE9            LDR              r3,|L0.2056|
  680 00000464 33C0            ADDS             r3,r3,#0xc0
  681 00000466 761A            STRB             r2,[r3,#0x18]
  682 00000468 2200            MOVS             r2,#0
  683 0000046A 3BC0            SUBS             r3,r3,#0xc0
  684 0000046C 65DA            STR              r2,[r3,#0x5c] ; ts
  685 0000046E 659A            STR              r2,[r3,#0x58] ; ts
  686 00000470 23FF            MOVS             r3,#0xff
  687 00000472 4AE5            LDR              r2,|L0.2056|
  688 00000474 3280            ADDS             r2,r2,#0x80
  689 00000476 7113            STRB             r3,[r2,#4]
  690 00000478 3A80            SUBS             r2,r2,#0x80
  691 0000047A 6ED2            LDR              r2,[r2,#0x6c] ; ts
  692 0000047C 2A00            CMP              r2,#0
  693 0000047E D011            BEQ              |L0.1188|
  694 00000480 2000            MOVS             r0,#0
  695 00000482 E00C            B                |L0.1182|
  696 00000484         |L0.1156|
  697 00000484 4AE0            LDR              r2,|L0.2056|
  698 00000486 6ED2            LDR              r2,[r2,#0x6c] ; ts
  699 00000488 2301            MOVS             r3,#1
  700 0000048A 4083            LSLS             r3,r3,r0
  701 0000048C 401A            ANDS             r2,r2,r3
  702 0000048E 2A00            CMP              r2,#0
  703 00000490 D003            BEQ              |L0.1178|
  704 00000492 4ADD            LDR              r2,|L0.2056|
  705 00000494 6E92            LDR              r2,[r2,#0x68] ; ts
  706 00000496 7010            STRB             r0,[r2,#0]
  707 00000498 E003            B                |L0.1186|
  708 0000049A         |L0.1178|
  709 0000049A 1C42            ADDS             r2,r0,#1
  710 0000049C B2D0            UXTB             r0,r2
  711 0000049E         |L0.1182|
  712 0000049E 2818            CMP              r0,#0x18
  713 000004A0 DBF0            BLT              |L0.1156|
  714 000004A2         |L0.1186|
  715 000004A2 BF00            NOP
  716 000004A4         |L0.1188|
  717 000004A4 2100            MOVS             r1,#0
  718 000004A6 E014            B                |L0.1234|
  719 000004A8         |L0.1192|
  720 000004A8 2000            MOVS             r0,#0
  721 000004AA E00D            B                |L0.1224|
  722 000004AC         |L0.1196|
  723 000004AC 008A            LSLS             r2,r1,#2
  724 000004AE 4BD7            LDR              r3,|L0.2060|
  725 000004B0 589A            LDR              r2,[r3,r2]
  726 000004B2 2301            MOVS             r3,#1
  727 000004B4 4083            LSLS             r3,r3,r0
  728 000004B6 401A            ANDS             r2,r2,r3



ARM Macro Assembler    Page 14 


  729 000004B8 2A00            CMP              r2,#0
  730 000004BA D003            BEQ              |L0.1220|
  731 000004BC 4AD2            LDR              r2,|L0.2056|
  732 000004BE 6CD2            LDR              r2,[r2,#0x4c] ; ts
  733 000004C0 5450            STRB             r0,[r2,r1]
  734 000004C2 E003            B                |L0.1228|
  735 000004C4         |L0.1220|
  736 000004C4 1C42            ADDS             r2,r0,#1
  737 000004C6 B2D0            UXTB             r0,r2
  738 000004C8         |L0.1224|
  739 000004C8 2818            CMP              r0,#0x18
  740 000004CA DBEF            BLT              |L0.1196|
  741 000004CC         |L0.1228|
  742 000004CC BF00            NOP
  743 000004CE 1C4A            ADDS             r2,r1,#1
  744 000004D0 B2D1            UXTB             r1,r2
  745 000004D2         |L0.1234|
  746 000004D2 4ACD            LDR              r2,|L0.2056|
  747 000004D4 3260            ADDS             r2,r2,#0x60
  748 000004D6 7852            LDRB             r2,[r2,#1]  ; ts
  749 000004D8 428A            CMP              r2,r1
  750 000004DA DCE5            BGT              |L0.1192|
  751 000004DC 4770            BX               lr
  752 000004DE                 ENDP
  753 000004DE         
  754 000004DE         Touch_Init_Register
                               PROC
  755 000004DE B530            PUSH             {r4,r5,lr}
  756 000004E0 2300            MOVS             r3,#0
  757 000004E2 4CCB            LDR              r4,|L0.2064|
  758 000004E4 6223            STR              r3,[r4,#0x20]
  759 000004E6 24FF            MOVS             r4,#0xff
  760 000004E8 34A1            ADDS             r4,r4,#0xa1
  761 000004EA 4BC9            LDR              r3,|L0.2064|
  762 000004EC 3320            ADDS             r3,r3,#0x20
  763 000004EE 605C            STR              r4,[r3,#4]
  764 000004F0 685C            LDR              r4,[r3,#4]
  765 000004F2 4BC5            LDR              r3,|L0.2056|
  766 000004F4 33A0            ADDS             r3,r3,#0xa0
  767 000004F6 799B            LDRB             r3,[r3,#6]  ; ts
  768 000004F8 18E4            ADDS             r4,r4,r3
  769 000004FA 4BC5            LDR              r3,|L0.2064|
  770 000004FC 3320            ADDS             r3,r3,#0x20
  771 000004FE 605C            STR              r4,[r3,#4]
  772 00000500 4BC4            LDR              r3,|L0.2068|
  773 00000502 781B            LDRB             r3,[r3,#0]  ; t_sysbit
  774 00000504 061B            LSLS             r3,r3,#24
  775 00000506 0FDB            LSRS             r3,r3,#31
  776 00000508 2B00            CMP              r3,#0
  777 0000050A D108            BNE              |L0.1310|
  778 0000050C 4BC0            LDR              r3,|L0.2064|
  779 0000050E 3320            ADDS             r3,r3,#0x20
  780 00000510 685B            LDR              r3,[r3,#4]
  781 00000512 24FF            MOVS             r4,#0xff
  782 00000514 3401            ADDS             r4,#1
  783 00000516 43A3            BICS             r3,r3,r4
  784 00000518 4CBD            LDR              r4,|L0.2064|
  785 0000051A 3420            ADDS             r4,r4,#0x20
  786 0000051C 6063            STR              r3,[r4,#4]



ARM Macro Assembler    Page 15 


  787 0000051E         |L0.1310|
  788 0000051E 4BBA            LDR              r3,|L0.2056|
  789 00000520 3380            ADDS             r3,r3,#0x80
  790 00000522 6ADC            LDR              r4,[r3,#0x2c] ; ts
  791 00000524 4BBA            LDR              r3,|L0.2064|
  792 00000526 3320            ADDS             r3,r3,#0x20
  793 00000528 62DC            STR              r4,[r3,#0x2c]
  794 0000052A 24FF            MOVS             r4,#0xff
  795 0000052C 611C            STR              r4,[r3,#0x10]
  796 0000052E 2474            MOVS             r4,#0x74
  797 00000530 615C            STR              r4,[r3,#0x14]
  798 00000532 4BB5            LDR              r3,|L0.2056|
  799 00000534 3380            ADDS             r3,r3,#0x80
  800 00000536 6A9C            LDR              r4,[r3,#0x28] ; ts
  801 00000538 4BB5            LDR              r3,|L0.2064|
  802 0000053A 3320            ADDS             r3,r3,#0x20
  803 0000053C 631C            STR              r4,[r3,#0x30]
  804 0000053E 2408            MOVS             r4,#8
  805 00000540 619C            STR              r4,[r3,#0x18]
  806 00000542 4BB1            LDR              r3,|L0.2056|
  807 00000544 33A0            ADDS             r3,r3,#0xa0
  808 00000546 79DB            LDRB             r3,[r3,#7]  ; ts
  809 00000548 24FF            MOVS             r4,#0xff
  810 0000054A 3481            ADDS             r4,r4,#0x81
  811 0000054C 4323            ORRS             r3,r3,r4
  812 0000054E 4CB0            LDR              r4,|L0.2064|
  813 00000550 3420            ADDS             r4,r4,#0x20
  814 00000552 61E3            STR              r3,[r4,#0x1c]
  815 00000554 2420            MOVS             r4,#0x20
  816 00000556 4BAE            LDR              r3,|L0.2064|
  817 00000558 3320            ADDS             r3,r3,#0x20
  818 0000055A 621C            STR              r4,[r3,#0x20]
  819 0000055C 4BAA            LDR              r3,|L0.2056|
  820 0000055E 33A0            ADDS             r3,r3,#0xa0
  821 00000560 7C1C            LDRB             r4,[r3,#0x10] ; ts
  822 00000562 4BAB            LDR              r3,|L0.2064|
  823 00000564 3320            ADDS             r3,r3,#0x20
  824 00000566 625C            STR              r4,[r3,#0x24]
  825 00000568 2400            MOVS             r4,#0
  826 0000056A 629C            STR              r4,[r3,#0x28]
  827 0000056C 2100            MOVS             r1,#0
  828 0000056E 2000            MOVS             r0,#0
  829 00000570 E022            B                |L0.1464|
  830 00000572         |L0.1394|
  831 00000572 2803            CMP              r0,#3
  832 00000574 D001            BEQ              |L0.1402|
  833 00000576 2810            CMP              r0,#0x10
  834 00000578 D112            BNE              |L0.1440|
  835 0000057A         |L0.1402|
  836 0000057A 4BA5            LDR              r3,|L0.2064|
  837 0000057C 3320            ADDS             r3,r3,#0x20
  838 0000057E 0084            LSLS             r4,r0,#2
  839 00000580 591A            LDR              r2,[r3,r4]
  840 00000582 0C13            LSRS             r3,r2,#16
  841 00000584 460C            MOV              r4,r1
  842 00000586 1C4D            ADDS             r5,r1,#1
  843 00000588 B2E9            UXTB             r1,r5
  844 0000058A 00A5            LSLS             r5,r4,#2
  845 0000058C 4CA2            LDR              r4,|L0.2072|



ARM Macro Assembler    Page 16 


  846 0000058E 5163            STR              r3,[r4,r5]
  847 00000590 B295            UXTH             r5,r2
  848 00000592 460C            MOV              r4,r1
  849 00000594 1C4B            ADDS             r3,r1,#1
  850 00000596 B2D9            UXTB             r1,r3
  851 00000598 00A4            LSLS             r4,r4,#2
  852 0000059A 4B9F            LDR              r3,|L0.2072|
  853 0000059C 511D            STR              r5,[r3,r4]
  854 0000059E E009            B                |L0.1460|
  855 000005A0         |L0.1440|
  856 000005A0 4B9B            LDR              r3,|L0.2064|
  857 000005A2 3320            ADDS             r3,r3,#0x20
  858 000005A4 0084            LSLS             r4,r0,#2
  859 000005A6 591D            LDR              r5,[r3,r4]
  860 000005A8 460C            MOV              r4,r1
  861 000005AA 1C4B            ADDS             r3,r1,#1
  862 000005AC B2D9            UXTB             r1,r3
  863 000005AE 00A4            LSLS             r4,r4,#2
  864 000005B0 4B99            LDR              r3,|L0.2072|
  865 000005B2 511D            STR              r5,[r3,r4]
  866 000005B4         |L0.1460|
  867 000005B4 1C43            ADDS             r3,r0,#1
  868 000005B6 B2D8            UXTB             r0,r3
  869 000005B8         |L0.1464|
  870 000005B8 2811            CMP              r0,#0x11
  871 000005BA DBDA            BLT              |L0.1394|
  872 000005BC BD30            POP              {r4,r5,pc}
  873 000005BE                 ENDP
  874 000005BE         
  875 000005BE         Touch_Get_Single_CH
                               PROC
  876 000005BE B510            PUSH             {r4,lr}
  877 000005C0 4A91            LDR              r2,|L0.2056|
  878 000005C2 6CD2            LDR              r2,[r2,#0x4c] ; ts
  879 000005C4 5C11            LDRB             r1,[r2,r0]
  880 000005C6 4A92            LDR              r2,|L0.2064|
  881 000005C8 3220            ADDS             r2,r2,#0x20
  882 000005CA 68D2            LDR              r2,[r2,#0xc]
  883 000005CC 2301            MOVS             r3,#1
  884 000005CE 408B            LSLS             r3,r3,r1
  885 000005D0 431A            ORRS             r2,r2,r3
  886 000005D2 4B8F            LDR              r3,|L0.2064|
  887 000005D4 3320            ADDS             r3,r3,#0x20
  888 000005D6 60DA            STR              r2,[r3,#0xc]
  889 000005D8 2211            MOVS             r2,#0x11
  890 000005DA 4B8D            LDR              r3,|L0.2064|
  891 000005DC 621A            STR              r2,[r3,#0x20]
  892 000005DE BF00            NOP
  893 000005E0         |L0.1504|
  894 000005E0 4A8B            LDR              r2,|L0.2064|
  895 000005E2 6A12            LDR              r2,[r2,#0x20]
  896 000005E4 2304            MOVS             r3,#4
  897 000005E6 401A            ANDS             r2,r2,r3
  898 000005E8 2A00            CMP              r2,#0
  899 000005EA D0F9            BEQ              |L0.1504|
  900 000005EC 4A86            LDR              r2,|L0.2056|
  901 000005EE 6CD2            LDR              r2,[r2,#0x4c] ; ts
  902 000005F0 5C12            LDRB             r2,[r2,r0]
  903 000005F2 00D2            LSLS             r2,r2,#3



ARM Macro Assembler    Page 17 


  904 000005F4 4B89            LDR              r3,|L0.2076|
  905 000005F6 18D2            ADDS             r2,r2,r3
  906 000005F8 6812            LDR              r2,[r2,#0]
  907 000005FA 4B83            LDR              r3,|L0.2056|
  908 000005FC 69DB            LDR              r3,[r3,#0x1c] ; ts
  909 000005FE 00C4            LSLS             r4,r0,#3
  910 00000600 511A            STR              r2,[r3,r4]
  911 00000602 4A81            LDR              r2,|L0.2056|
  912 00000604 6CD2            LDR              r2,[r2,#0x4c] ; ts
  913 00000606 5C12            LDRB             r2,[r2,r0]
  914 00000608 0052            LSLS             r2,r2,#1
  915 0000060A 1C52            ADDS             r2,r2,#1
  916 0000060C 0092            LSLS             r2,r2,#2
  917 0000060E 4B83            LDR              r3,|L0.2076|
  918 00000610 18D2            ADDS             r2,r2,r3
  919 00000612 6812            LDR              r2,[r2,#0]
  920 00000614 4B7C            LDR              r3,|L0.2056|
  921 00000616 69DB            LDR              r3,[r3,#0x1c] ; ts
  922 00000618 00C4            LSLS             r4,r0,#3
  923 0000061A 191B            ADDS             r3,r3,r4
  924 0000061C 605A            STR              r2,[r3,#4]
  925 0000061E 2200            MOVS             r2,#0
  926 00000620 4B7B            LDR              r3,|L0.2064|
  927 00000622 621A            STR              r2,[r3,#0x20]
  928 00000624 4A7A            LDR              r2,|L0.2064|
  929 00000626 3220            ADDS             r2,r2,#0x20
  930 00000628 68D2            LDR              r2,[r2,#0xc]
  931 0000062A 2301            MOVS             r3,#1
  932 0000062C 408B            LSLS             r3,r3,r1
  933 0000062E 439A            BICS             r2,r2,r3
  934 00000630 4B77            LDR              r3,|L0.2064|
  935 00000632 3320            ADDS             r3,r3,#0x20
  936 00000634 60DA            STR              r2,[r3,#0xc]
  937 00000636 BD10            POP              {r4,pc}
  938 00000638                 ENDP
  939 00000638         
  940 00000638         Touch_Start_Touch
                               PROC
  941 00000638 B510            PUSH             {r4,lr}
  942 0000063A 4973            LDR              r1,|L0.2056|
  943 0000063C 6CC9            LDR              r1,[r1,#0x4c] ; ts
  944 0000063E 5C0A            LDRB             r2,[r1,r0]
  945 00000640 2300            MOVS             r3,#0
  946 00000642 4973            LDR              r1,|L0.2064|
  947 00000644 3120            ADDS             r1,r1,#0x20
  948 00000646 60CB            STR              r3,[r1,#0xc]
  949 00000648 68C9            LDR              r1,[r1,#0xc]
  950 0000064A 2301            MOVS             r3,#1
  951 0000064C 4093            LSLS             r3,r3,r2
  952 0000064E 4319            ORRS             r1,r1,r3
  953 00000650 4B6F            LDR              r3,|L0.2064|
  954 00000652 3320            ADDS             r3,r3,#0x20
  955 00000654 60D9            STR              r1,[r3,#0xc]
  956 00000656 496C            LDR              r1,|L0.2056|
  957 00000658 31D8            ADDS             r1,r1,#0xd8
  958 0000065A 7849            LDRB             r1,[r1,#1]
  959 0000065C 09C9            LSRS             r1,r1,#7
  960 0000065E 2900            CMP              r1,#0
  961 00000660 D005            BEQ              |L0.1646|



ARM Macro Assembler    Page 18 


  962 00000662 4969            LDR              r1,|L0.2056|
  963 00000664 6D09            LDR              r1,[r1,#0x50] ; ts
  964 00000666 5C0B            LDRB             r3,[r1,r0]
  965 00000668 4969            LDR              r1,|L0.2064|
  966 0000066A 3120            ADDS             r1,r1,#0x20
  967 0000066C 614B            STR              r3,[r1,#0x14]
  968 0000066E         |L0.1646|
  969 0000066E 4969            LDR              r1,|L0.2068|
  970 00000670 6809            LDR              r1,[r1,#0]  ; t_sysbit
  971 00000672 2308            MOVS             r3,#8
  972 00000674 4399            BICS             r1,r1,r3
  973 00000676 4B67            LDR              r3,|L0.2068|
  974 00000678 6019            STR              r1,[r3,#0]  ; t_sysbit
  975 0000067A 211D            MOVS             r1,#0x1d
  976 0000067C 2900            CMP              r1,#0
  977 0000067E DB05            BLT              |L0.1676|
  978 00000680 06CC            LSLS             r4,r1,#27
  979 00000682 0EE4            LSRS             r4,r4,#27
  980 00000684 2301            MOVS             r3,#1
  981 00000686 40A3            LSLS             r3,r3,r4
  982 00000688 4C65            LDR              r4,|L0.2080|
  983 0000068A 6023            STR              r3,[r4,#0]
  984 0000068C         |L0.1676|
  985 0000068C BF00            NOP
  986 0000068E 211D            MOVS             r1,#0x1d
  987 00000690 2900            CMP              r1,#0
  988 00000692 DB09            BLT              |L0.1704|
  989 00000694 BF00            NOP
  990 00000696 BF00            NOP
  991 00000698 06CC            LSLS             r4,r1,#27
  992 0000069A 0EE4            LSRS             r4,r4,#27
  993 0000069C 2301            MOVS             r3,#1
  994 0000069E 40A3            LSLS             r3,r3,r4
  995 000006A0 4C60            LDR              r4,|L0.2084|
  996 000006A2 6023            STR              r3,[r4,#0]
  997 000006A4 BF00            NOP
  998 000006A6 BF00            NOP
  999 000006A8         |L0.1704|
 1000 000006A8 BF00            NOP
 1001 000006AA 2111            MOVS             r1,#0x11
 1002 000006AC 4B58            LDR              r3,|L0.2064|
 1003 000006AE 6219            STR              r1,[r3,#0x20]
 1004 000006B0 BD10            POP              {r4,pc}
 1005 000006B2                 ENDP
 1006 000006B2         
 1007 000006B2         Touch_Config_Mode
                               PROC
 1008 000006B2 B530            PUSH             {r4,r5,lr}
 1009 000006B4 2400            MOVS             r4,#0
 1010 000006B6 E006            B                |L0.1734|
 1011 000006B8         |L0.1720|
 1012 000006B8 2100            MOVS             r1,#0
 1013 000006BA 4855            LDR              r0,|L0.2064|
 1014 000006BC 3840            SUBS             r0,r0,#0x40
 1015 000006BE 00A2            LSLS             r2,r4,#2
 1016 000006C0 5081            STR              r1,[r0,r2]
 1017 000006C2 1C60            ADDS             r0,r4,#1
 1018 000006C4 B2C4            UXTB             r4,r0
 1019 000006C6         |L0.1734|



ARM Macro Assembler    Page 19 


 1020 000006C6 2C18            CMP              r4,#0x18
 1021 000006C8 DBF6            BLT              |L0.1720|
 1022 000006CA 4851            LDR              r0,|L0.2064|
 1023 000006CC 3020            ADDS             r0,r0,#0x20
 1024 000006CE 6840            LDR              r0,[r0,#4]
 1025 000006D0 211C            MOVS             r1,#0x1c
 1026 000006D2 4388            BICS             r0,r0,r1
 1027 000006D4 494E            LDR              r1,|L0.2064|
 1028 000006D6 3120            ADDS             r1,r1,#0x20
 1029 000006D8 6048            STR              r0,[r1,#4]
 1030 000006DA 484B            LDR              r0,|L0.2056|
 1031 000006DC 3060            ADDS             r0,r0,#0x60
 1032 000006DE 7C40            LDRB             r0,[r0,#0x11] ; ts
 1033 000006E0 2801            CMP              r0,#1
 1034 000006E2 D17D            BNE              |L0.2016|
 1035 000006E4 2400            MOVS             r4,#0
 1036 000006E6 E018            B                |L0.1818|
 1037 000006E8         |L0.1768|
 1038 000006E8 4847            LDR              r0,|L0.2056|
 1039 000006EA 30D8            ADDS             r0,r0,#0xd8
 1040 000006EC 7840            LDRB             r0,[r0,#1]
 1041 000006EE 09C0            LSRS             r0,r0,#7
 1042 000006F0 2800            CMP              r0,#0
 1043 000006F2 D005            BEQ              |L0.1792|
 1044 000006F4 4844            LDR              r0,|L0.2056|
 1045 000006F6 6D00            LDR              r0,[r0,#0x50] ; ts
 1046 000006F8 5D01            LDRB             r1,[r0,r4]
 1047 000006FA 4845            LDR              r0,|L0.2064|
 1048 000006FC 3020            ADDS             r0,r0,#0x20
 1049 000006FE 6141            STR              r1,[r0,#0x14]
 1050 00000700         |L0.1792|
 1051 00000700 4620            MOV              r0,r4
 1052 00000702 F7FF FFFE       BL               Touch_Get_Single_CH
 1053 00000706 4840            LDR              r0,|L0.2056|
 1054 00000708 69C0            LDR              r0,[r0,#0x1c] ; ts
 1055 0000070A 00E1            LSLS             r1,r4,#3
 1056 0000070C 5840            LDR              r0,[r0,r1]
 1057 0000070E 493E            LDR              r1,|L0.2056|
 1058 00000710 6849            LDR              r1,[r1,#4]  ; ts
 1059 00000712 00A2            LSLS             r2,r4,#2
 1060 00000714 5088            STR              r0,[r1,r2]
 1061 00000716 1C60            ADDS             r0,r4,#1
 1062 00000718 B2C4            UXTB             r4,r0
 1063 0000071A         |L0.1818|
 1064 0000071A 483B            LDR              r0,|L0.2056|
 1065 0000071C 3060            ADDS             r0,r0,#0x60
 1066 0000071E 7840            LDRB             r0,[r0,#1]  ; ts
 1067 00000720 42A0            CMP              r0,r4
 1068 00000722 DCE1            BGT              |L0.1768|
 1069 00000724 2400            MOVS             r4,#0
 1070 00000726 E00A            B                |L0.1854|
 1071 00000728         |L0.1832|
 1072 00000728 2101            MOVS             r1,#1
 1073 0000072A 02C9            LSLS             r1,r1,#11
 1074 0000072C 4838            LDR              r0,|L0.2064|
 1075 0000072E 3840            SUBS             r0,r0,#0x40
 1076 00000730 4A35            LDR              r2,|L0.2056|
 1077 00000732 6CD2            LDR              r2,[r2,#0x4c] ; ts
 1078 00000734 5D12            LDRB             r2,[r2,r4]



ARM Macro Assembler    Page 20 


 1079 00000736 0092            LSLS             r2,r2,#2
 1080 00000738 5081            STR              r1,[r0,r2]
 1081 0000073A 1C60            ADDS             r0,r4,#1
 1082 0000073C B2C4            UXTB             r4,r0
 1083 0000073E         |L0.1854|
 1084 0000073E 4832            LDR              r0,|L0.2056|
 1085 00000740 3060            ADDS             r0,r0,#0x60
 1086 00000742 7840            LDRB             r0,[r0,#1]  ; ts
 1087 00000744 42A0            CMP              r0,r4
 1088 00000746 DCEF            BGT              |L0.1832|
 1089 00000748 4831            LDR              r0,|L0.2064|
 1090 0000074A 3020            ADDS             r0,r0,#0x20
 1091 0000074C 6840            LDR              r0,[r0,#4]
 1092 0000074E 210C            MOVS             r1,#0xc
 1093 00000750 4308            ORRS             r0,r0,r1
 1094 00000752 492F            LDR              r1,|L0.2064|
 1095 00000754 3120            ADDS             r1,r1,#0x20
 1096 00000756 6048            STR              r0,[r1,#4]
 1097 00000758 150D            ASRS             r5,r1,#20
 1098 0000075A BF00            NOP
 1099 0000075C         |L0.1884|
 1100 0000075C 2400            MOVS             r4,#0
 1101 0000075E E02D            B                |L0.1980|
 1102 00000760         |L0.1888|
 1103 00000760 4620            MOV              r0,r4
 1104 00000762 F7FF FFFE       BL               Touch_Get_Single_CH
 1105 00000766 4828            LDR              r0,|L0.2056|
 1106 00000768 69C0            LDR              r0,[r0,#0x1c] ; ts
 1107 0000076A 00E1            LSLS             r1,r4,#3
 1108 0000076C 5840            LDR              r0,[r0,r1]
 1109 0000076E 4926            LDR              r1,|L0.2056|
 1110 00000770 6849            LDR              r1,[r1,#4]  ; ts
 1111 00000772 00A2            LSLS             r2,r4,#2
 1112 00000774 5889            LDR              r1,[r1,r2]
 1113 00000776 4288            CMP              r0,r1
 1114 00000778 D90F            BLS              |L0.1946|
 1115 0000077A 4825            LDR              r0,|L0.2064|
 1116 0000077C 3840            SUBS             r0,r0,#0x40
 1117 0000077E 4922            LDR              r1,|L0.2056|
 1118 00000780 6CC9            LDR              r1,[r1,#0x4c] ; ts
 1119 00000782 5D09            LDRB             r1,[r1,r4]
 1120 00000784 0089            LSLS             r1,r1,#2
 1121 00000786 5840            LDR              r0,[r0,r1]
 1122 00000788 1941            ADDS             r1,r0,r5
 1123 0000078A 4821            LDR              r0,|L0.2064|
 1124 0000078C 3840            SUBS             r0,r0,#0x40
 1125 0000078E 4A1E            LDR              r2,|L0.2056|
 1126 00000790 6CD2            LDR              r2,[r2,#0x4c] ; ts
 1127 00000792 5D12            LDRB             r2,[r2,r4]
 1128 00000794 0092            LSLS             r2,r2,#2
 1129 00000796 5081            STR              r1,[r0,r2]
 1130 00000798 E00E            B                |L0.1976|
 1131 0000079A         |L0.1946|
 1132 0000079A 481D            LDR              r0,|L0.2064|
 1133 0000079C 3840            SUBS             r0,r0,#0x40
 1134 0000079E 491A            LDR              r1,|L0.2056|
 1135 000007A0 6CC9            LDR              r1,[r1,#0x4c] ; ts
 1136 000007A2 5D09            LDRB             r1,[r1,r4]
 1137 000007A4 0089            LSLS             r1,r1,#2



ARM Macro Assembler    Page 21 


 1138 000007A6 5840            LDR              r0,[r0,r1]
 1139 000007A8 1B41            SUBS             r1,r0,r5
 1140 000007AA 4819            LDR              r0,|L0.2064|
 1141 000007AC 3840            SUBS             r0,r0,#0x40
 1142 000007AE 4A16            LDR              r2,|L0.2056|
 1143 000007B0 6CD2            LDR              r2,[r2,#0x4c] ; ts
 1144 000007B2 5D12            LDRB             r2,[r2,r4]
 1145 000007B4 0092            LSLS             r2,r2,#2
 1146 000007B6 5081            STR              r1,[r0,r2]
 1147 000007B8         |L0.1976|
 1148 000007B8 1C60            ADDS             r0,r4,#1
 1149 000007BA B2C4            UXTB             r4,r0
 1150 000007BC         |L0.1980|
 1151 000007BC 4812            LDR              r0,|L0.2056|
 1152 000007BE 3060            ADDS             r0,r0,#0x60
 1153 000007C0 7840            LDRB             r0,[r0,#1]  ; ts
 1154 000007C2 42A0            CMP              r0,r4
 1155 000007C4 DCCC            BGT              |L0.1888|
 1156 000007C6 086D            LSRS             r5,r5,#1
 1157 000007C8 2D00            CMP              r5,#0
 1158 000007CA D1C7            BNE              |L0.1884|
 1159 000007CC BF00            NOP
 1160 000007CE BF00            NOP
 1161 000007D0 480D            LDR              r0,|L0.2056|
 1162 000007D2 3080            ADDS             r0,r0,#0x80
 1163 000007D4 6AC1            LDR              r1,[r0,#0x2c] ; ts
 1164 000007D6 480E            LDR              r0,|L0.2064|
 1165 000007D8 3020            ADDS             r0,r0,#0x20
 1166 000007DA 62C1            STR              r1,[r0,#0x2c]
 1167 000007DC 480A            LDR              r0,|L0.2056|
 1168 000007DE E000            B                |L0.2018|
 1169 000007E0         |L0.2016|
 1170 000007E0 E022            B                |L0.2088|
 1171 000007E2         |L0.2018|
 1172 000007E2 3080            ADDS             r0,r0,#0x80
 1173 000007E4 6A81            LDR              r1,[r0,#0x28] ; ts
 1174 000007E6 480A            LDR              r0,|L0.2064|
 1175 000007E8 3020            ADDS             r0,r0,#0x20
 1176 000007EA 6301            STR              r1,[r0,#0x30]
 1177 000007EC 6840            LDR              r0,[r0,#4]
 1178 000007EE 2118            MOVS             r1,#0x18
 1179 000007F0 4388            BICS             r0,r0,r1
 1180 000007F2 4907            LDR              r1,|L0.2064|
 1181 000007F4 3120            ADDS             r1,r1,#0x20
 1182 000007F6 6048            STR              r0,[r1,#4]
 1183 000007F8 4608            MOV              r0,r1
 1184 000007FA 6840            LDR              r0,[r0,#4]
 1185 000007FC 2104            MOVS             r1,#4
 1186 000007FE 4308            ORRS             r0,r0,r1
 1187 00000800 4903            LDR              r1,|L0.2064|
 1188 00000802 3120            ADDS             r1,r1,#0x20
 1189 00000804 6048            STR              r0,[r1,#4]
 1190 00000806         |L0.2054|
 1191 00000806 E0CE            B                |L0.2470|
 1192 00000808         |L0.2056|
 1193 00000808 00000000        DCD              ||ts||
 1194 0000080C         |L0.2060|
 1195 0000080C 00000000        DCD              key_channel_map
 1196 00000810         |L0.2064|



ARM Macro Assembler    Page 22 


 1197 00000810 40003700        DCD              0x40003700
 1198 00000814         |L0.2068|
 1199 00000814 00000000        DCD              t_sysbit
 1200 00000818         |L0.2072|
 1201 00000818 00000060        DCD              ts_reg+0x60
 1202 0000081C         |L0.2076|
 1203 0000081C 40003600        DCD              0x40003600
 1204 00000820         |L0.2080|
 1205 00000820 E000E280        DCD              0xe000e280
 1206 00000824         |L0.2084|
 1207 00000824 E000E100        DCD              0xe000e100
 1208 00000828         |L0.2088|
 1209 00000828 48FB            LDR              r0,|L0.3096|
 1210 0000082A 7C40            LDRB             r0,[r0,#0x11] ; ts
 1211 0000082C 2802            CMP              r0,#2
 1212 0000082E D1EA            BNE              |L0.2054|
 1213 00000830 2100            MOVS             r1,#0
 1214 00000832 48F9            LDR              r0,|L0.3096|
 1215 00000834 7481            STRB             r1,[r0,#0x12]
 1216 00000836 2400            MOVS             r4,#0
 1217 00000838 E00D            B                |L0.2134|
 1218 0000083A         |L0.2106|
 1219 0000083A 48F7            LDR              r0,|L0.3096|
 1220 0000083C 3078            ADDS             r0,r0,#0x78
 1221 0000083E 7840            LDRB             r0,[r0,#1]
 1222 00000840 09C0            LSRS             r0,r0,#7
 1223 00000842 2800            CMP              r0,#0
 1224 00000844 D005            BEQ              |L0.2130|
 1225 00000846 48F4            LDR              r0,|L0.3096|
 1226 00000848 3860            SUBS             r0,r0,#0x60
 1227 0000084A 6D00            LDR              r0,[r0,#0x50] ; ts
 1228 0000084C 5D01            LDRB             r1,[r0,r4]
 1229 0000084E 48F3            LDR              r0,|L0.3100|
 1230 00000850 6141            STR              r1,[r0,#0x14]
 1231 00000852         |L0.2130|
 1232 00000852 1C60            ADDS             r0,r4,#1
 1233 00000854 B2C4            UXTB             r4,r0
 1234 00000856         |L0.2134|
 1235 00000856 48F0            LDR              r0,|L0.3096|
 1236 00000858 7840            LDRB             r0,[r0,#1]  ; ts
 1237 0000085A 42A0            CMP              r0,r4
 1238 0000085C DCED            BGT              |L0.2106|
 1239 0000085E 2000            MOVS             r0,#0
 1240 00000860 F7FF FFFE       BL               Touch_Get_Single_CH
 1241 00000864 48EC            LDR              r0,|L0.3096|
 1242 00000866 3860            SUBS             r0,r0,#0x60
 1243 00000868 69C0            LDR              r0,[r0,#0x1c] ; ts
 1244 0000086A 6800            LDR              r0,[r0,#0]
 1245 0000086C 49EA            LDR              r1,|L0.3096|
 1246 0000086E 3960            SUBS             r1,r1,#0x60
 1247 00000870 6849            LDR              r1,[r1,#4]  ; ts
 1248 00000872 6008            STR              r0,[r1,#0]
 1249 00000874 2401            MOVS             r4,#1
 1250 00000876 E01A            B                |L0.2222|
 1251 00000878         |L0.2168|
 1252 00000878 4620            MOV              r0,r4
 1253 0000087A F7FF FFFE       BL               Touch_Get_Single_CH
 1254 0000087E 48E6            LDR              r0,|L0.3096|
 1255 00000880 3860            SUBS             r0,r0,#0x60



ARM Macro Assembler    Page 23 


 1256 00000882 69C0            LDR              r0,[r0,#0x1c] ; ts
 1257 00000884 00E1            LSLS             r1,r4,#3
 1258 00000886 5840            LDR              r0,[r0,r1]
 1259 00000888 49E3            LDR              r1,|L0.3096|
 1260 0000088A 3960            SUBS             r1,r1,#0x60
 1261 0000088C 6849            LDR              r1,[r1,#4]  ; ts
 1262 0000088E 6809            LDR              r1,[r1,#0]
 1263 00000890 4288            CMP              r0,r1
 1264 00000892 D20A            BCS              |L0.2218|
 1265 00000894 48E0            LDR              r0,|L0.3096|
 1266 00000896 3860            SUBS             r0,r0,#0x60
 1267 00000898 69C0            LDR              r0,[r0,#0x1c] ; ts
 1268 0000089A 00E1            LSLS             r1,r4,#3
 1269 0000089C 5840            LDR              r0,[r0,r1]
 1270 0000089E 49DE            LDR              r1,|L0.3096|
 1271 000008A0 3960            SUBS             r1,r1,#0x60
 1272 000008A2 6849            LDR              r1,[r1,#4]  ; ts
 1273 000008A4 6008            STR              r0,[r1,#0]
 1274 000008A6 48DC            LDR              r0,|L0.3096|
 1275 000008A8 7484            STRB             r4,[r0,#0x12]
 1276 000008AA         |L0.2218|
 1277 000008AA 1C60            ADDS             r0,r4,#1
 1278 000008AC B2C4            UXTB             r4,r0
 1279 000008AE         |L0.2222|
 1280 000008AE 48DA            LDR              r0,|L0.3096|
 1281 000008B0 7840            LDRB             r0,[r0,#1]  ; ts
 1282 000008B2 42A0            CMP              r0,r4
 1283 000008B4 DCE0            BGT              |L0.2168|
 1284 000008B6 48D9            LDR              r0,|L0.3100|
 1285 000008B8 6840            LDR              r0,[r0,#4]
 1286 000008BA 2114            MOVS             r1,#0x14
 1287 000008BC 4388            BICS             r0,r0,r1
 1288 000008BE 49D7            LDR              r1,|L0.3100|
 1289 000008C0 6048            STR              r0,[r1,#4]
 1290 000008C2 4608            MOV              r0,r1
 1291 000008C4 6840            LDR              r0,[r0,#4]
 1292 000008C6 2108            MOVS             r1,#8
 1293 000008C8 4308            ORRS             r0,r0,r1
 1294 000008CA 49D4            LDR              r1,|L0.3100|
 1295 000008CC 6048            STR              r0,[r1,#4]
 1296 000008CE 49D2            LDR              r1,|L0.3096|
 1297 000008D0 7C88            LDRB             r0,[r1,#0x12] ; ts
 1298 000008D2 F7FF FFFE       BL               Touch_Get_Single_CH
 1299 000008D6 48D0            LDR              r0,|L0.3096|
 1300 000008D8 3860            SUBS             r0,r0,#0x60
 1301 000008DA 69C1            LDR              r1,[r0,#0x1c] ; ts
 1302 000008DC 3060            ADDS             r0,r0,#0x60
 1303 000008DE 7C80            LDRB             r0,[r0,#0x12] ; ts
 1304 000008E0 00C0            LSLS             r0,r0,#3
 1305 000008E2 5808            LDR              r0,[r1,r0]
 1306 000008E4 49CC            LDR              r1,|L0.3096|
 1307 000008E6 3960            SUBS             r1,r1,#0x60
 1308 000008E8 6849            LDR              r1,[r1,#4]  ; ts
 1309 000008EA 6008            STR              r0,[r1,#0]
 1310 000008EC 2400            MOVS             r4,#0
 1311 000008EE E00F            B                |L0.2320|
 1312 000008F0         |L0.2288|
 1313 000008F0 48C9            LDR              r0,|L0.3096|
 1314 000008F2 7C80            LDRB             r0,[r0,#0x12] ; ts



ARM Macro Assembler    Page 24 


 1315 000008F4 42A0            CMP              r0,r4
 1316 000008F6 D009            BEQ              |L0.2316|
 1317 000008F8 2101            MOVS             r1,#1
 1318 000008FA 02C9            LSLS             r1,r1,#11
 1319 000008FC 48C7            LDR              r0,|L0.3100|
 1320 000008FE 3860            SUBS             r0,r0,#0x60
 1321 00000900 4AC5            LDR              r2,|L0.3096|
 1322 00000902 3A60            SUBS             r2,r2,#0x60
 1323 00000904 6CD2            LDR              r2,[r2,#0x4c] ; ts
 1324 00000906 5D12            LDRB             r2,[r2,r4]
 1325 00000908 0092            LSLS             r2,r2,#2
 1326 0000090A 5081            STR              r1,[r0,r2]
 1327 0000090C         |L0.2316|
 1328 0000090C 1C60            ADDS             r0,r4,#1
 1329 0000090E B2C4            UXTB             r4,r0
 1330 00000910         |L0.2320|
 1331 00000910 48C1            LDR              r0,|L0.3096|
 1332 00000912 7840            LDRB             r0,[r0,#1]  ; ts
 1333 00000914 42A0            CMP              r0,r4
 1334 00000916 DCEB            BGT              |L0.2288|
 1335 00000918 2501            MOVS             r5,#1
 1336 0000091A 02AD            LSLS             r5,r5,#10
 1337 0000091C BF00            NOP
 1338 0000091E         |L0.2334|
 1339 0000091E 2400            MOVS             r4,#0
 1340 00000920 E038            B                |L0.2452|
 1341 00000922         |L0.2338|
 1342 00000922 48BD            LDR              r0,|L0.3096|
 1343 00000924 7C80            LDRB             r0,[r0,#0x12] ; ts
 1344 00000926 42A0            CMP              r0,r4
 1345 00000928 D100            BNE              |L0.2348|
 1346 0000092A E031            B                |L0.2448|
 1347 0000092C         |L0.2348|
 1348 0000092C 4620            MOV              r0,r4
 1349 0000092E F7FF FFFE       BL               Touch_Get_Single_CH
 1350 00000932 48B9            LDR              r0,|L0.3096|
 1351 00000934 3860            SUBS             r0,r0,#0x60
 1352 00000936 69C0            LDR              r0,[r0,#0x1c] ; ts
 1353 00000938 00E1            LSLS             r1,r4,#3
 1354 0000093A 5840            LDR              r0,[r0,r1]
 1355 0000093C 49B6            LDR              r1,|L0.3096|
 1356 0000093E 3960            SUBS             r1,r1,#0x60
 1357 00000940 6849            LDR              r1,[r1,#4]  ; ts
 1358 00000942 6809            LDR              r1,[r1,#0]
 1359 00000944 4288            CMP              r0,r1
 1360 00000946 D911            BLS              |L0.2412|
 1361 00000948 48B4            LDR              r0,|L0.3100|
 1362 0000094A 3860            SUBS             r0,r0,#0x60
 1363 0000094C 49B2            LDR              r1,|L0.3096|
 1364 0000094E 3960            SUBS             r1,r1,#0x60
 1365 00000950 6CC9            LDR              r1,[r1,#0x4c] ; ts
 1366 00000952 5D09            LDRB             r1,[r1,r4]
 1367 00000954 0089            LSLS             r1,r1,#2
 1368 00000956 5840            LDR              r0,[r0,r1]
 1369 00000958 1941            ADDS             r1,r0,r5
 1370 0000095A 48B0            LDR              r0,|L0.3100|
 1371 0000095C 3860            SUBS             r0,r0,#0x60
 1372 0000095E 4AAE            LDR              r2,|L0.3096|
 1373 00000960 3A60            SUBS             r2,r2,#0x60



ARM Macro Assembler    Page 25 


 1374 00000962 6CD2            LDR              r2,[r2,#0x4c] ; ts
 1375 00000964 5D12            LDRB             r2,[r2,r4]
 1376 00000966 0092            LSLS             r2,r2,#2
 1377 00000968 5081            STR              r1,[r0,r2]
 1378 0000096A E010            B                |L0.2446|
 1379 0000096C         |L0.2412|
 1380 0000096C 48AB            LDR              r0,|L0.3100|
 1381 0000096E 3860            SUBS             r0,r0,#0x60
 1382 00000970 49A9            LDR              r1,|L0.3096|
 1383 00000972 3960            SUBS             r1,r1,#0x60
 1384 00000974 6CC9            LDR              r1,[r1,#0x4c] ; ts
 1385 00000976 5D09            LDRB             r1,[r1,r4]
 1386 00000978 0089            LSLS             r1,r1,#2
 1387 0000097A 5840            LDR              r0,[r0,r1]
 1388 0000097C 1B41            SUBS             r1,r0,r5
 1389 0000097E 48A7            LDR              r0,|L0.3100|
 1390 00000980 3860            SUBS             r0,r0,#0x60
 1391 00000982 4AA5            LDR              r2,|L0.3096|
 1392 00000984 3A60            SUBS             r2,r2,#0x60
 1393 00000986 6CD2            LDR              r2,[r2,#0x4c] ; ts
 1394 00000988 5D12            LDRB             r2,[r2,r4]
 1395 0000098A 0092            LSLS             r2,r2,#2
 1396 0000098C 5081            STR              r1,[r0,r2]
 1397 0000098E         |L0.2446|
 1398 0000098E BF00            NOP
 1399 00000990         |L0.2448|
 1400 00000990 1C60            ADDS             r0,r4,#1
 1401 00000992 B2C4            UXTB             r4,r0
 1402 00000994         |L0.2452|
 1403 00000994 48A0            LDR              r0,|L0.3096|
 1404 00000996 7840            LDRB             r0,[r0,#1]  ; ts
 1405 00000998 42A0            CMP              r0,r4
 1406 0000099A DCC2            BGT              |L0.2338|
 1407 0000099C 086D            LSRS             r5,r5,#1
 1408 0000099E 2D00            CMP              r5,#0
 1409 000009A0 D1BD            BNE              |L0.2334|
 1410 000009A2 BF00            NOP
 1411 000009A4 BF00            NOP
 1412 000009A6         |L0.2470|
 1413 000009A6 2400            MOVS             r4,#0
 1414 000009A8 E008            B                |L0.2492|
 1415 000009AA         |L0.2474|
 1416 000009AA 489C            LDR              r0,|L0.3100|
 1417 000009AC 3860            SUBS             r0,r0,#0x60
 1418 000009AE 00A1            LSLS             r1,r4,#2
 1419 000009B0 5840            LDR              r0,[r0,r1]
 1420 000009B2 00A1            LSLS             r1,r4,#2
 1421 000009B4 4A9A            LDR              r2,|L0.3104|
 1422 000009B6 5050            STR              r0,[r2,r1]
 1423 000009B8 1C60            ADDS             r0,r4,#1
 1424 000009BA B2C4            UXTB             r4,r0
 1425 000009BC         |L0.2492|
 1426 000009BC 2C18            CMP              r4,#0x18
 1427 000009BE DBF4            BLT              |L0.2474|
 1428 000009C0 BD30            POP              {r4,r5,pc}
 1429 000009C2                 ENDP
 1430 000009C2         
 1431 000009C2         Touch_Init_Base
                               PROC



ARM Macro Assembler    Page 26 


 1432 000009C2 B510            PUSH             {r4,lr}
 1433 000009C4 F7FF FFFE       BL               UT_Get_Status
 1434 000009C8 07C0            LSLS             r0,r0,#31
 1435 000009CA 0FC0            LSRS             r0,r0,#31
 1436 000009CC 2800            CMP              r0,#0
 1437 000009CE D07D            BEQ              |L0.2764|
 1438 000009D0 2001            MOVS             r0,#1
 1439 000009D2 F7FF FFFE       BL               UT_Is_Expired
 1440 000009D6 2801            CMP              r0,#1
 1441 000009D8 D179            BNE              |L0.2766|
 1442 000009DA 2400            MOVS             r4,#0
 1443 000009DC E057            B                |L0.2702|
 1444 000009DE         |L0.2526|
 1445 000009DE 488E            LDR              r0,|L0.3096|
 1446 000009E0 3860            SUBS             r0,r0,#0x60
 1447 000009E2 69C0            LDR              r0,[r0,#0x1c] ; ts
 1448 000009E4 00E1            LSLS             r1,r4,#3
 1449 000009E6 5840            LDR              r0,[r0,r1]
 1450 000009E8 498B            LDR              r1,|L0.3096|
 1451 000009EA 3960            SUBS             r1,r1,#0x60
 1452 000009EC 6B89            LDR              r1,[r1,#0x38] ; ts
 1453 000009EE 00E2            LSLS             r2,r4,#3
 1454 000009F0 5088            STR              r0,[r1,r2]
 1455 000009F2 4889            LDR              r0,|L0.3096|
 1456 000009F4 3860            SUBS             r0,r0,#0x60
 1457 000009F6 69C0            LDR              r0,[r0,#0x1c] ; ts
 1458 000009F8 00E1            LSLS             r1,r4,#3
 1459 000009FA 1840            ADDS             r0,r0,r1
 1460 000009FC 6840            LDR              r0,[r0,#4]
 1461 000009FE 4986            LDR              r1,|L0.3096|
 1462 00000A00 3960            SUBS             r1,r1,#0x60
 1463 00000A02 6B89            LDR              r1,[r1,#0x38] ; ts
 1464 00000A04 00E2            LSLS             r2,r4,#3
 1465 00000A06 1889            ADDS             r1,r1,r2
 1466 00000A08 6048            STR              r0,[r1,#4]
 1467 00000A0A 4883            LDR              r0,|L0.3096|
 1468 00000A0C 3860            SUBS             r0,r0,#0x60
 1469 00000A0E 69C0            LDR              r0,[r0,#0x1c] ; ts
 1470 00000A10 00E1            LSLS             r1,r4,#3
 1471 00000A12 5841            LDR              r1,[r0,r1]
 1472 00000A14 4880            LDR              r0,|L0.3096|
 1473 00000A16 3860            SUBS             r0,r0,#0x60
 1474 00000A18 6980            LDR              r0,[r0,#0x18] ; ts
 1475 00000A1A 00E2            LSLS             r2,r4,#3
 1476 00000A1C 5081            STR              r1,[r0,r2]
 1477 00000A1E 487E            LDR              r0,|L0.3096|
 1478 00000A20 3860            SUBS             r0,r0,#0x60
 1479 00000A22 69C0            LDR              r0,[r0,#0x1c] ; ts
 1480 00000A24 00E1            LSLS             r1,r4,#3
 1481 00000A26 1840            ADDS             r0,r0,r1
 1482 00000A28 6841            LDR              r1,[r0,#4]
 1483 00000A2A 487B            LDR              r0,|L0.3096|
 1484 00000A2C 3860            SUBS             r0,r0,#0x60
 1485 00000A2E 6980            LDR              r0,[r0,#0x18] ; ts
 1486 00000A30 00E2            LSLS             r2,r4,#3
 1487 00000A32 1880            ADDS             r0,r0,r2
 1488 00000A34 6041            STR              r1,[r0,#4]
 1489 00000A36 4878            LDR              r0,|L0.3096|
 1490 00000A38 3860            SUBS             r0,r0,#0x60



ARM Macro Assembler    Page 27 


 1491 00000A3A 69C0            LDR              r0,[r0,#0x1c] ; ts
 1492 00000A3C 00E1            LSLS             r1,r4,#3
 1493 00000A3E 5840            LDR              r0,[r0,r1]
 1494 00000A40 4975            LDR              r1,|L0.3096|
 1495 00000A42 3960            SUBS             r1,r1,#0x60
 1496 00000A44 6B09            LDR              r1,[r1,#0x30] ; ts
 1497 00000A46 00E2            LSLS             r2,r4,#3
 1498 00000A48 5088            STR              r0,[r1,r2]
 1499 00000A4A 4873            LDR              r0,|L0.3096|
 1500 00000A4C 3860            SUBS             r0,r0,#0x60
 1501 00000A4E 69C0            LDR              r0,[r0,#0x1c] ; ts
 1502 00000A50 00E1            LSLS             r1,r4,#3
 1503 00000A52 1840            ADDS             r0,r0,r1
 1504 00000A54 6840            LDR              r0,[r0,#4]
 1505 00000A56 4970            LDR              r1,|L0.3096|
 1506 00000A58 3960            SUBS             r1,r1,#0x60
 1507 00000A5A 6B09            LDR              r1,[r1,#0x30] ; ts
 1508 00000A5C 00E2            LSLS             r2,r4,#3
 1509 00000A5E 1889            ADDS             r1,r1,r2
 1510 00000A60 6048            STR              r0,[r1,#4]
 1511 00000A62 2000            MOVS             r0,#0
 1512 00000A64 496C            LDR              r1,|L0.3096|
 1513 00000A66 3960            SUBS             r1,r1,#0x60
 1514 00000A68 68C9            LDR              r1,[r1,#0xc] ; ts
 1515 00000A6A 00E2            LSLS             r2,r4,#3
 1516 00000A6C 5088            STR              r0,[r1,r2]
 1517 00000A6E 496A            LDR              r1,|L0.3096|
 1518 00000A70 3960            SUBS             r1,r1,#0x60
 1519 00000A72 68C9            LDR              r1,[r1,#0xc] ; ts
 1520 00000A74 00E2            LSLS             r2,r4,#3
 1521 00000A76 1889            ADDS             r1,r1,r2
 1522 00000A78 6048            STR              r0,[r1,#4]
 1523 00000A7A 4967            LDR              r1,|L0.3096|
 1524 00000A7C 3960            SUBS             r1,r1,#0x60
 1525 00000A7E 6909            LDR              r1,[r1,#0x10] ; ts
 1526 00000A80 5508            STRB             r0,[r1,r4]
 1527 00000A82 4965            LDR              r1,|L0.3096|
 1528 00000A84 3960            SUBS             r1,r1,#0x60
 1529 00000A86 6949            LDR              r1,[r1,#0x14] ; ts
 1530 00000A88 5508            STRB             r0,[r1,r4]
 1531 00000A8A 1C60            ADDS             r0,r4,#1
 1532 00000A8C B2C4            UXTB             r4,r0
 1533 00000A8E         |L0.2702|
 1534 00000A8E 4862            LDR              r0,|L0.3096|
 1535 00000A90 7840            LDRB             r0,[r0,#1]  ; ts
 1536 00000A92 42A0            CMP              r0,r4
 1537 00000A94 DCA3            BGT              |L0.2526|
 1538 00000A96 4860            LDR              r0,|L0.3096|
 1539 00000A98 3860            SUBS             r0,r0,#0x60
 1540 00000A9A 6A40            LDR              r0,[r0,#0x24] ; ts
 1541 00000A9C 6800            LDR              r0,[r0,#0]
 1542 00000A9E 2800            CMP              r0,#0
 1543 00000AA0 D10F            BNE              |L0.2754|
 1544 00000AA2 485D            LDR              r0,|L0.3096|
 1545 00000AA4 3860            SUBS             r0,r0,#0x60
 1546 00000AA6 6A00            LDR              r0,[r0,#0x20] ; ts
 1547 00000AA8 6800            LDR              r0,[r0,#0]
 1548 00000AAA 495B            LDR              r1,|L0.3096|
 1549 00000AAC 3960            SUBS             r1,r1,#0x60



ARM Macro Assembler    Page 28 


 1550 00000AAE 6A49            LDR              r1,[r1,#0x24] ; ts
 1551 00000AB0 6008            STR              r0,[r1,#0]
 1552 00000AB2 4859            LDR              r0,|L0.3096|
 1553 00000AB4 3860            SUBS             r0,r0,#0x60
 1554 00000AB6 6A00            LDR              r0,[r0,#0x20] ; ts
 1555 00000AB8 6840            LDR              r0,[r0,#4]
 1556 00000ABA 4957            LDR              r1,|L0.3096|
 1557 00000ABC 3960            SUBS             r1,r1,#0x60
 1558 00000ABE 6A49            LDR              r1,[r1,#0x24] ; ts
 1559 00000AC0 6048            STR              r0,[r1,#4]
 1560 00000AC2         |L0.2754|
 1561 00000AC2 4855            LDR              r0,|L0.3096|
 1562 00000AC4 3060            ADDS             r0,r0,#0x60
 1563 00000AC6 7E00            LDRB             r0,[r0,#0x18] ; ts
 1564 00000AC8 0840            LSRS             r0,r0,#1
 1565 00000ACA E001            B                |L0.2768|
 1566 00000ACC         |L0.2764|
 1567 00000ACC E006            B                |L0.2780|
 1568 00000ACE         |L0.2766|
 1569 00000ACE E00B            B                |L0.2792|
 1570 00000AD0         |L0.2768|
 1571 00000AD0 0040            LSLS             r0,r0,#1
 1572 00000AD2 1C40            ADDS             r0,r0,#1
 1573 00000AD4 4950            LDR              r1,|L0.3096|
 1574 00000AD6 3160            ADDS             r1,r1,#0x60
 1575 00000AD8 7608            STRB             r0,[r1,#0x18]
 1576 00000ADA E005            B                |L0.2792|
 1577 00000ADC         |L0.2780|
 1578 00000ADC 484E            LDR              r0,|L0.3096|
 1579 00000ADE 3020            ADDS             r0,r0,#0x20
 1580 00000AE0 6801            LDR              r1,[r0,#0]  ; ts
 1581 00000AE2 2001            MOVS             r0,#1
 1582 00000AE4 F7FF FFFE       BL               UT_Set_Timer
 1583 00000AE8         |L0.2792|
 1584 00000AE8 BD10            POP              {r4,pc}
 1585 00000AEA                 ENDP
 1586 00000AEA         
 1587 00000AEA         Touch_Update_Base
                               PROC
 1588 00000AEA B5F8            PUSH             {r3-r7,lr}
 1589 00000AEC F7FF FFFE       BL               UT_Get_Status
 1590 00000AF0 2104            MOVS             r1,#4
 1591 00000AF2 4008            ANDS             r0,r0,r1
 1592 00000AF4 2800            CMP              r0,#0
 1593 00000AF6 D07D            BEQ              |L0.3060|
 1594 00000AF8 2004            MOVS             r0,#4
 1595 00000AFA F7FF FFFE       BL               UT_Is_Expired
 1596 00000AFE 2801            CMP              r0,#1
 1597 00000B00 D179            BNE              |L0.3062|
 1598 00000B02 2400            MOVS             r4,#0
 1599 00000B04 E0B4            B                |L0.3184|
 1600 00000B06         |L0.2822|
 1601 00000B06 2500            MOVS             r5,#0
 1602 00000B08 E0AD            B                |L0.3174|
 1603 00000B0A         |L0.2826|
 1604 00000B0A 4A43            LDR              r2,|L0.3096|
 1605 00000B0C 3220            ADDS             r2,r2,#0x20
 1606 00000B0E 6992            LDR              r2,[r2,#0x18] ; ts
 1607 00000B10 00E3            LSLS             r3,r4,#3



ARM Macro Assembler    Page 29 


 1608 00000B12 18D2            ADDS             r2,r2,r3
 1609 00000B14 00AB            LSLS             r3,r5,#2
 1610 00000B16 58D0            LDR              r0,[r2,r3]
 1611 00000B18 4A3F            LDR              r2,|L0.3096|
 1612 00000B1A 3220            ADDS             r2,r2,#0x20
 1613 00000B1C 6A11            LDR              r1,[r2,#0x20] ; ts
 1614 00000B1E F7FF FFFE       BL               __aeabi_uidivmod
 1615 00000B22 493D            LDR              r1,|L0.3096|
 1616 00000B24 3120            ADDS             r1,r1,#0x20
 1617 00000B26 69C9            LDR              r1,[r1,#0x1c] ; ts
 1618 00000B28 00E2            LSLS             r2,r4,#3
 1619 00000B2A 1889            ADDS             r1,r1,r2
 1620 00000B2C 00AA            LSLS             r2,r5,#2
 1621 00000B2E 5088            STR              r0,[r1,r2]
 1622 00000B30 2001            MOVS             r0,#1
 1623 00000B32 40A0            LSLS             r0,r0,r4
 1624 00000B34 4938            LDR              r1,|L0.3096|
 1625 00000B36 3960            SUBS             r1,r1,#0x60
 1626 00000B38 6DC9            LDR              r1,[r1,#0x5c] ; ts
 1627 00000B3A 4008            ANDS             r0,r0,r1
 1628 00000B3C 2800            CMP              r0,#0
 1629 00000B3E D16A            BNE              |L0.3094|
 1630 00000B40 4835            LDR              r0,|L0.3096|
 1631 00000B42 3860            SUBS             r0,r0,#0x60
 1632 00000B44 6C40            LDR              r0,[r0,#0x44] ; ts
 1633 00000B46 5D00            LDRB             r0,[r0,r4]
 1634 00000B48 2800            CMP              r0,#0
 1635 00000B4A D17B            BNE              |L0.3140|
 1636 00000B4C 4932            LDR              r1,|L0.3096|
 1637 00000B4E 3960            SUBS             r1,r1,#0x60
 1638 00000B50 6889            LDR              r1,[r1,#8]  ; ts
 1639 00000B52 00A2            LSLS             r2,r4,#2
 1640 00000B54 5889            LDR              r1,[r1,r2]
 1641 00000B56 4A30            LDR              r2,|L0.3096|
 1642 00000B58 3240            ADDS             r2,r2,#0x40
 1643 00000B5A 7952            LDRB             r2,[r2,#5]  ; ts
 1644 00000B5C 4351            MULS             r1,r2,r1
 1645 00000B5E 4608            MOV              r0,r1
 1646 00000B60 2164            MOVS             r1,#0x64
 1647 00000B62 F7FF FFFE       BL               __aeabi_idivmod
 1648 00000B66 492C            LDR              r1,|L0.3096|
 1649 00000B68 3960            SUBS             r1,r1,#0x60
 1650 00000B6A 6BC9            LDR              r1,[r1,#0x3c] ; ts
 1651 00000B6C 00A2            LSLS             r2,r4,#2
 1652 00000B6E 5889            LDR              r1,[r1,r2]
 1653 00000B70 4288            CMP              r0,r1
 1654 00000B72 DD6E            BLE              |L0.3154|
 1655 00000B74 4928            LDR              r1,|L0.3096|
 1656 00000B76 3960            SUBS             r1,r1,#0x60
 1657 00000B78 6889            LDR              r1,[r1,#8]  ; ts
 1658 00000B7A 00A2            LSLS             r2,r4,#2
 1659 00000B7C 5889            LDR              r1,[r1,r2]
 1660 00000B7E 4A26            LDR              r2,|L0.3096|
 1661 00000B80 3240            ADDS             r2,r2,#0x40
 1662 00000B82 7912            LDRB             r2,[r2,#4]  ; ts
 1663 00000B84 4351            MULS             r1,r2,r1
 1664 00000B86 4608            MOV              r0,r1
 1665 00000B88 2164            MOVS             r1,#0x64
 1666 00000B8A F7FF FFFE       BL               __aeabi_idivmod



ARM Macro Assembler    Page 30 


 1667 00000B8E 4922            LDR              r1,|L0.3096|
 1668 00000B90 3960            SUBS             r1,r1,#0x60
 1669 00000B92 6BC9            LDR              r1,[r1,#0x3c] ; ts
 1670 00000B94 00A2            LSLS             r2,r4,#2
 1671 00000B96 5889            LDR              r1,[r1,r2]
 1672 00000B98 4288            CMP              r0,r1
 1673 00000B9A DD04            BLE              |L0.2982|
 1674 00000B9C 481E            LDR              r0,|L0.3096|
 1675 00000B9E 3020            ADDS             r0,r0,#0x20
 1676 00000BA0 7C40            LDRB             r0,[r0,#0x11] ; ts
 1677 00000BA2 9000            STR              r0,[sp,#0]
 1678 00000BA4 E003            B                |L0.2990|
 1679 00000BA6         |L0.2982|
 1680 00000BA6 481C            LDR              r0,|L0.3096|
 1681 00000BA8 3020            ADDS             r0,r0,#0x20
 1682 00000BAA 7C80            LDRB             r0,[r0,#0x12] ; ts
 1683 00000BAC 9000            STR              r0,[sp,#0]
 1684 00000BAE         |L0.2990|
 1685 00000BAE 491A            LDR              r1,|L0.3096|
 1686 00000BB0 3960            SUBS             r1,r1,#0x60
 1687 00000BB2 6B89            LDR              r1,[r1,#0x38] ; ts
 1688 00000BB4 00E2            LSLS             r2,r4,#3
 1689 00000BB6 1889            ADDS             r1,r1,r2
 1690 00000BB8 00AA            LSLS             r2,r5,#2
 1691 00000BBA 5889            LDR              r1,[r1,r2]
 1692 00000BBC 9A00            LDR              r2,[sp,#0]
 1693 00000BBE 4351            MULS             r1,r2,r1
 1694 00000BC0 4A15            LDR              r2,|L0.3096|
 1695 00000BC2 3220            ADDS             r2,r2,#0x20
 1696 00000BC4 69D2            LDR              r2,[r2,#0x1c] ; ts
 1697 00000BC6 00E3            LSLS             r3,r4,#3
 1698 00000BC8 18D2            ADDS             r2,r2,r3
 1699 00000BCA 00AB            LSLS             r3,r5,#2
 1700 00000BCC 58D2            LDR              r2,[r2,r3]
 1701 00000BCE 1888            ADDS             r0,r1,r2
 1702 00000BD0 9900            LDR              r1,[sp,#0]
 1703 00000BD2 1C49            ADDS             r1,r1,#1
 1704 00000BD4 F7FF FFFE       BL               __aeabi_uidivmod
 1705 00000BD8 4606            MOV              r6,r0
 1706 00000BDA 4A0F            LDR              r2,|L0.3096|
 1707 00000BDC 3A60            SUBS             r2,r2,#0x60
 1708 00000BDE 6B52            LDR              r2,[r2,#0x34] ; ts
 1709 00000BE0 00E3            LSLS             r3,r4,#3
 1710 00000BE2 18D2            ADDS             r2,r2,r3
 1711 00000BE4 00AB            LSLS             r3,r5,#2
 1712 00000BE6 58D2            LDR              r2,[r2,r3]
 1713 00000BE8 1AB0            SUBS             r0,r6,r2
 1714 00000BEA 4A0B            LDR              r2,|L0.3096|
 1715 00000BEC 3A60            SUBS             r2,r2,#0x60
 1716 00000BEE 6B92            LDR              r2,[r2,#0x38] ; ts
 1717 00000BF0 00E3            LSLS             r3,r4,#3
 1718 00000BF2 E001            B                |L0.3064|
 1719 00000BF4         |L0.3060|
 1720 00000BF4 E077            B                |L0.3302|
 1721 00000BF6         |L0.3062|
 1722 00000BF6 E04A            B                |L0.3214|
 1723 00000BF8         |L0.3064|
 1724 00000BF8 18D2            ADDS             r2,r2,r3
 1725 00000BFA 00AB            LSLS             r3,r5,#2



ARM Macro Assembler    Page 31 


 1726 00000BFC 58D2            LDR              r2,[r2,r3]
 1727 00000BFE 4B06            LDR              r3,|L0.3096|
 1728 00000C00 3B60            SUBS             r3,r3,#0x60
 1729 00000C02 6B5B            LDR              r3,[r3,#0x34] ; ts
 1730 00000C04 00E7            LSLS             r7,r4,#3
 1731 00000C06 19DB            ADDS             r3,r3,r7
 1732 00000C08 00AF            LSLS             r7,r5,#2
 1733 00000C0A 59DB            LDR              r3,[r3,r7]
 1734 00000C0C 1AD1            SUBS             r1,r2,r3
 1735 00000C0E 2900            CMP              r1,#0
 1736 00000C10 DB09            BLT              |L0.3110|
 1737 00000C12 460A            MOV              r2,r1
 1738 00000C14 E008            B                |L0.3112|
 1739 00000C16         |L0.3094|
 1740 00000C16 E014            B                |L0.3138|
 1741 00000C18         |L0.3096|
 1742 00000C18 00000060        DCD              ||ts||+0x60
 1743 00000C1C         |L0.3100|
 1744 00000C1C 40003720        DCD              0x40003720
 1745 00000C20         |L0.3104|
 1746 00000C20 00000000        DCD              ts_reg
 1747 00000C24 E00E            B                |L0.3140|
 1748 00000C26         |L0.3110|
 1749 00000C26 424A            RSBS             r2,r1,#0
 1750 00000C28         |L0.3112|
 1751 00000C28 2800            CMP              r0,#0
 1752 00000C2A DB01            BLT              |L0.3120|
 1753 00000C2C 4603            MOV              r3,r0
 1754 00000C2E E000            B                |L0.3122|
 1755 00000C30         |L0.3120|
 1756 00000C30 4243            RSBS             r3,r0,#0
 1757 00000C32         |L0.3122|
 1758 00000C32 429A            CMP              r2,r3
 1759 00000C34 DD0D            BLE              |L0.3154|
 1760 00000C36 48FE            LDR              r0,|L0.4144|
 1761 00000C38 6B80            LDR              r0,[r0,#0x38] ; ts
 1762 00000C3A 00E1            LSLS             r1,r4,#3
 1763 00000C3C 1840            ADDS             r0,r0,r1
 1764 00000C3E 00A9            LSLS             r1,r5,#2
 1765 00000C40 5046            STR              r6,[r0,r1]
 1766 00000C42         |L0.3138|
 1767 00000C42 E006            B                |L0.3154|
 1768 00000C44         |L0.3140|
 1769 00000C44 48FA            LDR              r0,|L0.4144|
 1770 00000C46 6C40            LDR              r0,[r0,#0x44] ; ts
 1771 00000C48 5D00            LDRB             r0,[r0,r4]
 1772 00000C4A 1E40            SUBS             r0,r0,#1
 1773 00000C4C 49F8            LDR              r1,|L0.4144|
 1774 00000C4E 6C49            LDR              r1,[r1,#0x44] ; ts
 1775 00000C50 5508            STRB             r0,[r1,r4]
 1776 00000C52         |L0.3154|
 1777 00000C52 2100            MOVS             r1,#0
 1778 00000C54 48F6            LDR              r0,|L0.4144|
 1779 00000C56 3080            ADDS             r0,r0,#0x80
 1780 00000C58 6980            LDR              r0,[r0,#0x18] ; ts
 1781 00000C5A 00E2            LSLS             r2,r4,#3
 1782 00000C5C 1880            ADDS             r0,r0,r2
 1783 00000C5E 00AA            LSLS             r2,r5,#2
 1784 00000C60 5081            STR              r1,[r0,r2]



ARM Macro Assembler    Page 32 


 1785 00000C62 1C68            ADDS             r0,r5,#1
 1786 00000C64 B2C5            UXTB             r5,r0
 1787 00000C66         |L0.3174|
 1788 00000C66 2D02            CMP              r5,#2
 1789 00000C68 DA00            BGE              |L0.3180|
 1790 00000C6A E74E            B                |L0.2826|
 1791 00000C6C         |L0.3180|
 1792 00000C6C 1C60            ADDS             r0,r4,#1
 1793 00000C6E B2C4            UXTB             r4,r0
 1794 00000C70         |L0.3184|
 1795 00000C70 48EF            LDR              r0,|L0.4144|
 1796 00000C72 3060            ADDS             r0,r0,#0x60
 1797 00000C74 7840            LDRB             r0,[r0,#1]  ; ts
 1798 00000C76 42A0            CMP              r0,r4
 1799 00000C78 DD00            BLE              |L0.3196|
 1800 00000C7A E744            B                |L0.2822|
 1801 00000C7C         |L0.3196|
 1802 00000C7C 2100            MOVS             r1,#0
 1803 00000C7E 48EC            LDR              r0,|L0.4144|
 1804 00000C80 3080            ADDS             r0,r0,#0x80
 1805 00000C82 6201            STR              r1,[r0,#0x20] ; ts
 1806 00000C84 6941            LDR              r1,[r0,#0x14] ; ts
 1807 00000C86 2004            MOVS             r0,#4
 1808 00000C88 F7FF FFFE       BL               UT_Set_Timer
 1809 00000C8C E04A            B                |L0.3364|
 1810 00000C8E         |L0.3214|
 1811 00000C8E 2400            MOVS             r4,#0
 1812 00000C90 E01C            B                |L0.3276|
 1813 00000C92         |L0.3218|
 1814 00000C92 2500            MOVS             r5,#0
 1815 00000C94 E016            B                |L0.3268|
 1816 00000C96         |L0.3222|
 1817 00000C96 48E6            LDR              r0,|L0.4144|
 1818 00000C98 3080            ADDS             r0,r0,#0x80
 1819 00000C9A 6980            LDR              r0,[r0,#0x18] ; ts
 1820 00000C9C 00E1            LSLS             r1,r4,#3
 1821 00000C9E 1840            ADDS             r0,r0,r1
 1822 00000CA0 00A9            LSLS             r1,r5,#2
 1823 00000CA2 5840            LDR              r0,[r0,r1]
 1824 00000CA4 49E2            LDR              r1,|L0.4144|
 1825 00000CA6 6B49            LDR              r1,[r1,#0x34] ; ts
 1826 00000CA8 00E2            LSLS             r2,r4,#3
 1827 00000CAA 1889            ADDS             r1,r1,r2
 1828 00000CAC 00AA            LSLS             r2,r5,#2
 1829 00000CAE 5889            LDR              r1,[r1,r2]
 1830 00000CB0 1841            ADDS             r1,r0,r1
 1831 00000CB2 48DF            LDR              r0,|L0.4144|
 1832 00000CB4 3080            ADDS             r0,r0,#0x80
 1833 00000CB6 6980            LDR              r0,[r0,#0x18] ; ts
 1834 00000CB8 00E2            LSLS             r2,r4,#3
 1835 00000CBA 1880            ADDS             r0,r0,r2
 1836 00000CBC 00AA            LSLS             r2,r5,#2
 1837 00000CBE 5081            STR              r1,[r0,r2]
 1838 00000CC0 1C68            ADDS             r0,r5,#1
 1839 00000CC2 B2C5            UXTB             r5,r0
 1840 00000CC4         |L0.3268|
 1841 00000CC4 2D02            CMP              r5,#2
 1842 00000CC6 DBE6            BLT              |L0.3222|
 1843 00000CC8 1C60            ADDS             r0,r4,#1



ARM Macro Assembler    Page 33 


 1844 00000CCA B2C4            UXTB             r4,r0
 1845 00000CCC         |L0.3276|
 1846 00000CCC 48D8            LDR              r0,|L0.4144|
 1847 00000CCE 3060            ADDS             r0,r0,#0x60
 1848 00000CD0 7840            LDRB             r0,[r0,#1]  ; ts
 1849 00000CD2 42A0            CMP              r0,r4
 1850 00000CD4 DCDD            BGT              |L0.3218|
 1851 00000CD6 48D6            LDR              r0,|L0.4144|
 1852 00000CD8 3080            ADDS             r0,r0,#0x80
 1853 00000CDA 6A00            LDR              r0,[r0,#0x20] ; ts
 1854 00000CDC 1C40            ADDS             r0,r0,#1
 1855 00000CDE 49D4            LDR              r1,|L0.4144|
 1856 00000CE0 3180            ADDS             r1,r1,#0x80
 1857 00000CE2 6208            STR              r0,[r1,#0x20] ; ts
 1858 00000CE4 E01E            B                |L0.3364|
 1859 00000CE6         |L0.3302|
 1860 00000CE6 2400            MOVS             r4,#0
 1861 00000CE8 E00F            B                |L0.3338|
 1862 00000CEA         |L0.3306|
 1863 00000CEA 2500            MOVS             r5,#0
 1864 00000CEC E009            B                |L0.3330|
 1865 00000CEE         |L0.3310|
 1866 00000CEE 2100            MOVS             r1,#0
 1867 00000CF0 48CF            LDR              r0,|L0.4144|
 1868 00000CF2 3080            ADDS             r0,r0,#0x80
 1869 00000CF4 6980            LDR              r0,[r0,#0x18] ; ts
 1870 00000CF6 00E2            LSLS             r2,r4,#3
 1871 00000CF8 1880            ADDS             r0,r0,r2
 1872 00000CFA 00AA            LSLS             r2,r5,#2
 1873 00000CFC 5081            STR              r1,[r0,r2]
 1874 00000CFE 1C68            ADDS             r0,r5,#1
 1875 00000D00 B2C5            UXTB             r5,r0
 1876 00000D02         |L0.3330|
 1877 00000D02 2D02            CMP              r5,#2
 1878 00000D04 DBF3            BLT              |L0.3310|
 1879 00000D06 1C60            ADDS             r0,r4,#1
 1880 00000D08 B2C4            UXTB             r4,r0
 1881 00000D0A         |L0.3338|
 1882 00000D0A 48C9            LDR              r0,|L0.4144|
 1883 00000D0C 3060            ADDS             r0,r0,#0x60
 1884 00000D0E 7840            LDRB             r0,[r0,#1]  ; ts
 1885 00000D10 42A0            CMP              r0,r4
 1886 00000D12 DCEA            BGT              |L0.3306|
 1887 00000D14 2100            MOVS             r1,#0
 1888 00000D16 48C6            LDR              r0,|L0.4144|
 1889 00000D18 3080            ADDS             r0,r0,#0x80
 1890 00000D1A 6201            STR              r1,[r0,#0x20] ; ts
 1891 00000D1C 6941            LDR              r1,[r0,#0x14] ; ts
 1892 00000D1E 2004            MOVS             r0,#4
 1893 00000D20 F7FF FFFE       BL               UT_Set_Timer
 1894 00000D24         |L0.3364|
 1895 00000D24 BDF8            POP              {r3-r7,pc}
 1896 00000D26                 ENDP
 1897 00000D26         
 1898 00000D26         Touch_Ref_Compen
                               PROC
 1899 00000D26 B510            PUSH             {r4,lr}
 1900 00000D28 48C1            LDR              r0,|L0.4144|
 1901 00000D2A 6EC0            LDR              r0,[r0,#0x6c] ; ts



ARM Macro Assembler    Page 34 


 1902 00000D2C 2800            CMP              r0,#0
 1903 00000D2E D11B            BNE              |L0.3432|
 1904 00000D30 2400            MOVS             r4,#0
 1905 00000D32 E013            B                |L0.3420|
 1906 00000D34         |L0.3380|
 1907 00000D34 48BE            LDR              r0,|L0.4144|
 1908 00000D36 69C0            LDR              r0,[r0,#0x1c] ; ts
 1909 00000D38 00E1            LSLS             r1,r4,#3
 1910 00000D3A 5840            LDR              r0,[r0,r1]
 1911 00000D3C 49BC            LDR              r1,|L0.4144|
 1912 00000D3E 6A89            LDR              r1,[r1,#0x28] ; ts
 1913 00000D40 00E2            LSLS             r2,r4,#3
 1914 00000D42 5088            STR              r0,[r1,r2]
 1915 00000D44 48BA            LDR              r0,|L0.4144|
 1916 00000D46 69C0            LDR              r0,[r0,#0x1c] ; ts
 1917 00000D48 00E1            LSLS             r1,r4,#3
 1918 00000D4A 1840            ADDS             r0,r0,r1
 1919 00000D4C 6841            LDR              r1,[r0,#4]
 1920 00000D4E 48B8            LDR              r0,|L0.4144|
 1921 00000D50 6A80            LDR              r0,[r0,#0x28] ; ts
 1922 00000D52 00E2            LSLS             r2,r4,#3
 1923 00000D54 1880            ADDS             r0,r0,r2
 1924 00000D56 6041            STR              r1,[r0,#4]
 1925 00000D58 1C60            ADDS             r0,r4,#1
 1926 00000D5A B2C4            UXTB             r4,r0
 1927 00000D5C         |L0.3420|
 1928 00000D5C 48B4            LDR              r0,|L0.4144|
 1929 00000D5E 3060            ADDS             r0,r0,#0x60
 1930 00000D60 7840            LDRB             r0,[r0,#1]  ; ts
 1931 00000D62 42A0            CMP              r0,r4
 1932 00000D64 DCE6            BGT              |L0.3380|
 1933 00000D66 E03A            B                |L0.3550|
 1934 00000D68         |L0.3432|
 1935 00000D68 2400            MOVS             r4,#0
 1936 00000D6A E033            B                |L0.3540|
 1937 00000D6C         |L0.3436|
 1938 00000D6C 49B0            LDR              r1,|L0.4144|
 1939 00000D6E 6A49            LDR              r1,[r1,#0x24] ; ts
 1940 00000D70 6809            LDR              r1,[r1,#0]
 1941 00000D72 4AAF            LDR              r2,|L0.4144|
 1942 00000D74 6A12            LDR              r2,[r2,#0x20] ; ts
 1943 00000D76 6812            LDR              r2,[r2,#0]
 1944 00000D78 1A89            SUBS             r1,r1,r2
 1945 00000D7A 00A2            LSLS             r2,r4,#2
 1946 00000D7C 4BAD            LDR              r3,|L0.4148|
 1947 00000D7E 589A            LDR              r2,[r3,r2]
 1948 00000D80 4351            MULS             r1,r2,r1
 1949 00000D82 4608            MOV              r0,r1
 1950 00000D84 2164            MOVS             r1,#0x64
 1951 00000D86 F7FF FFFE       BL               __aeabi_idivmod
 1952 00000D8A 49A9            LDR              r1,|L0.4144|
 1953 00000D8C 69C9            LDR              r1,[r1,#0x1c] ; ts
 1954 00000D8E 00E2            LSLS             r2,r4,#3
 1955 00000D90 5889            LDR              r1,[r1,r2]
 1956 00000D92 1840            ADDS             r0,r0,r1
 1957 00000D94 49A6            LDR              r1,|L0.4144|
 1958 00000D96 6A89            LDR              r1,[r1,#0x28] ; ts
 1959 00000D98 00E2            LSLS             r2,r4,#3
 1960 00000D9A 5088            STR              r0,[r1,r2]



ARM Macro Assembler    Page 35 


 1961 00000D9C 49A4            LDR              r1,|L0.4144|
 1962 00000D9E 6A49            LDR              r1,[r1,#0x24] ; ts
 1963 00000DA0 6849            LDR              r1,[r1,#4]
 1964 00000DA2 4AA3            LDR              r2,|L0.4144|
 1965 00000DA4 6A12            LDR              r2,[r2,#0x20] ; ts
 1966 00000DA6 6852            LDR              r2,[r2,#4]
 1967 00000DA8 1A89            SUBS             r1,r1,r2
 1968 00000DAA 00A2            LSLS             r2,r4,#2
 1969 00000DAC 4BA1            LDR              r3,|L0.4148|
 1970 00000DAE 589A            LDR              r2,[r3,r2]
 1971 00000DB0 4351            MULS             r1,r2,r1
 1972 00000DB2 4608            MOV              r0,r1
 1973 00000DB4 2164            MOVS             r1,#0x64
 1974 00000DB6 F7FF FFFE       BL               __aeabi_idivmod
 1975 00000DBA 499D            LDR              r1,|L0.4144|
 1976 00000DBC 69C9            LDR              r1,[r1,#0x1c] ; ts
 1977 00000DBE 00E2            LSLS             r2,r4,#3
 1978 00000DC0 1889            ADDS             r1,r1,r2
 1979 00000DC2 6849            LDR              r1,[r1,#4]
 1980 00000DC4 1840            ADDS             r0,r0,r1
 1981 00000DC6 499A            LDR              r1,|L0.4144|
 1982 00000DC8 6A89            LDR              r1,[r1,#0x28] ; ts
 1983 00000DCA 00E2            LSLS             r2,r4,#3
 1984 00000DCC 1889            ADDS             r1,r1,r2
 1985 00000DCE 6048            STR              r0,[r1,#4]
 1986 00000DD0 1C60            ADDS             r0,r4,#1
 1987 00000DD2 B2C4            UXTB             r4,r0
 1988 00000DD4         |L0.3540|
 1989 00000DD4 4896            LDR              r0,|L0.4144|
 1990 00000DD6 3060            ADDS             r0,r0,#0x60
 1991 00000DD8 7840            LDRB             r0,[r0,#1]  ; ts
 1992 00000DDA 42A0            CMP              r0,r4
 1993 00000DDC DCC6            BGT              |L0.3436|
 1994 00000DDE         |L0.3550|
 1995 00000DDE BD10            POP              {r4,pc}
 1996 00000DE0                 ENDP
 1997 00000DE0         
 1998 00000DE0         Touch_Make_Data
                               PROC
 1999 00000DE0 B57C            PUSH             {r2-r6,lr}
 2000 00000DE2 2400            MOVS             r4,#0
 2001 00000DE4 E0F6            B                |L0.4052|
 2002 00000DE6         |L0.3558|
 2003 00000DE6 4A92            LDR              r2,|L0.4144|
 2004 00000DE8 6B12            LDR              r2,[r2,#0x30] ; ts
 2005 00000DEA 00E3            LSLS             r3,r4,#3
 2006 00000DEC 58D2            LDR              r2,[r2,r3]
 2007 00000DEE 4B90            LDR              r3,|L0.4144|
 2008 00000DF0 3360            ADDS             r3,r3,#0x60
 2009 00000DF2 7D5B            LDRB             r3,[r3,#0x15] ; ts
 2010 00000DF4 435A            MULS             r2,r3,r2
 2011 00000DF6 4B8E            LDR              r3,|L0.4144|
 2012 00000DF8 6ADB            LDR              r3,[r3,#0x2c] ; ts
 2013 00000DFA 00E5            LSLS             r5,r4,#3
 2014 00000DFC 595B            LDR              r3,[r3,r5]
 2015 00000DFE 18D0            ADDS             r0,r2,r3
 2016 00000E00 4A8B            LDR              r2,|L0.4144|
 2017 00000E02 3260            ADDS             r2,r2,#0x60
 2018 00000E04 7D52            LDRB             r2,[r2,#0x15] ; ts



ARM Macro Assembler    Page 36 


 2019 00000E06 1C51            ADDS             r1,r2,#1
 2020 00000E08 F7FF FFFE       BL               __aeabi_uidivmod
 2021 00000E0C 4988            LDR              r1,|L0.4144|
 2022 00000E0E 6B49            LDR              r1,[r1,#0x34] ; ts
 2023 00000E10 00E2            LSLS             r2,r4,#3
 2024 00000E12 5088            STR              r0,[r1,r2]
 2025 00000E14 4A86            LDR              r2,|L0.4144|
 2026 00000E16 6B12            LDR              r2,[r2,#0x30] ; ts
 2027 00000E18 00E3            LSLS             r3,r4,#3
 2028 00000E1A 18D2            ADDS             r2,r2,r3
 2029 00000E1C 6852            LDR              r2,[r2,#4]
 2030 00000E1E 4B84            LDR              r3,|L0.4144|
 2031 00000E20 3360            ADDS             r3,r3,#0x60
 2032 00000E22 7D5B            LDRB             r3,[r3,#0x15] ; ts
 2033 00000E24 435A            MULS             r2,r3,r2
 2034 00000E26 4B82            LDR              r3,|L0.4144|
 2035 00000E28 6ADB            LDR              r3,[r3,#0x2c] ; ts
 2036 00000E2A 00E5            LSLS             r5,r4,#3
 2037 00000E2C 195B            ADDS             r3,r3,r5
 2038 00000E2E 685B            LDR              r3,[r3,#4]
 2039 00000E30 18D0            ADDS             r0,r2,r3
 2040 00000E32 4A7F            LDR              r2,|L0.4144|
 2041 00000E34 3260            ADDS             r2,r2,#0x60
 2042 00000E36 7D52            LDRB             r2,[r2,#0x15] ; ts
 2043 00000E38 1C51            ADDS             r1,r2,#1
 2044 00000E3A F7FF FFFE       BL               __aeabi_uidivmod
 2045 00000E3E 497C            LDR              r1,|L0.4144|
 2046 00000E40 6B49            LDR              r1,[r1,#0x34] ; ts
 2047 00000E42 00E2            LSLS             r2,r4,#3
 2048 00000E44 1889            ADDS             r1,r1,r2
 2049 00000E46 6048            STR              r0,[r1,#4]
 2050 00000E48 4879            LDR              r0,|L0.4144|
 2051 00000E4A 6B40            LDR              r0,[r0,#0x34] ; ts
 2052 00000E4C 00E1            LSLS             r1,r4,#3
 2053 00000E4E 5841            LDR              r1,[r0,r1]
 2054 00000E50 4877            LDR              r0,|L0.4144|
 2055 00000E52 6980            LDR              r0,[r0,#0x18] ; ts
 2056 00000E54 00E2            LSLS             r2,r4,#3
 2057 00000E56 5880            LDR              r0,[r0,r2]
 2058 00000E58 1A08            SUBS             r0,r1,r0
 2059 00000E5A 9000            STR              r0,[sp,#0]
 2060 00000E5C 4874            LDR              r0,|L0.4144|
 2061 00000E5E 6B40            LDR              r0,[r0,#0x34] ; ts
 2062 00000E60 00E1            LSLS             r1,r4,#3
 2063 00000E62 1840            ADDS             r0,r0,r1
 2064 00000E64 6840            LDR              r0,[r0,#4]
 2065 00000E66 4972            LDR              r1,|L0.4144|
 2066 00000E68 6989            LDR              r1,[r1,#0x18] ; ts
 2067 00000E6A 00E2            LSLS             r2,r4,#3
 2068 00000E6C 1889            ADDS             r1,r1,r2
 2069 00000E6E 6849            LDR              r1,[r1,#4]
 2070 00000E70 1A40            SUBS             r0,r0,r1
 2071 00000E72 9001            STR              r0,[sp,#4]
 2072 00000E74 496E            LDR              r1,|L0.4144|
 2073 00000E76 68C9            LDR              r1,[r1,#0xc] ; ts
 2074 00000E78 00E2            LSLS             r2,r4,#3
 2075 00000E7A 588A            LDR              r2,[r1,r2]
 2076 00000E7C 9800            LDR              r0,[sp,#0]
 2077 00000E7E 2800            CMP              r0,#0



ARM Macro Assembler    Page 37 


 2078 00000E80 DB01            BLT              |L0.3718|
 2079 00000E82 4601            MOV              r1,r0
 2080 00000E84 E000            B                |L0.3720|
 2081 00000E86         |L0.3718|
 2082 00000E86 4241            RSBS             r1,r0,#0
 2083 00000E88         |L0.3720|
 2084 00000E88 1851            ADDS             r1,r2,r1
 2085 00000E8A 4A69            LDR              r2,|L0.4144|
 2086 00000E8C 68D2            LDR              r2,[r2,#0xc] ; ts
 2087 00000E8E 00E3            LSLS             r3,r4,#3
 2088 00000E90 50D1            STR              r1,[r2,r3]
 2089 00000E92 4967            LDR              r1,|L0.4144|
 2090 00000E94 68C9            LDR              r1,[r1,#0xc] ; ts
 2091 00000E96 00E2            LSLS             r2,r4,#3
 2092 00000E98 1889            ADDS             r1,r1,r2
 2093 00000E9A 684A            LDR              r2,[r1,#4]
 2094 00000E9C 9801            LDR              r0,[sp,#4]
 2095 00000E9E 2800            CMP              r0,#0
 2096 00000EA0 DB01            BLT              |L0.3750|
 2097 00000EA2 4601            MOV              r1,r0
 2098 00000EA4 E000            B                |L0.3752|
 2099 00000EA6         |L0.3750|
 2100 00000EA6 4241            RSBS             r1,r0,#0
 2101 00000EA8         |L0.3752|
 2102 00000EA8 1851            ADDS             r1,r2,r1
 2103 00000EAA 4A61            LDR              r2,|L0.4144|
 2104 00000EAC 68D2            LDR              r2,[r2,#0xc] ; ts
 2105 00000EAE 00E3            LSLS             r3,r4,#3
 2106 00000EB0 18D2            ADDS             r2,r2,r3
 2107 00000EB2 6051            STR              r1,[r2,#4]
 2108 00000EB4 485E            LDR              r0,|L0.4144|
 2109 00000EB6 6900            LDR              r0,[r0,#0x10] ; ts
 2110 00000EB8 5D00            LDRB             r0,[r0,r4]
 2111 00000EBA 1C40            ADDS             r0,r0,#1
 2112 00000EBC 495C            LDR              r1,|L0.4144|
 2113 00000EBE 6909            LDR              r1,[r1,#0x10] ; ts
 2114 00000EC0 5508            STRB             r0,[r1,r4]
 2115 00000EC2 495B            LDR              r1,|L0.4144|
 2116 00000EC4 6909            LDR              r1,[r1,#0x10] ; ts
 2117 00000EC6 5D08            LDRB             r0,[r1,r4]
 2118 00000EC8 2105            MOVS             r1,#5
 2119 00000ECA F7FF FFFE       BL               __aeabi_idivmod
 2120 00000ECE B2C8            UXTB             r0,r1
 2121 00000ED0 4957            LDR              r1,|L0.4144|
 2122 00000ED2 6909            LDR              r1,[r1,#0x10] ; ts
 2123 00000ED4 5508            STRB             r0,[r1,r4]
 2124 00000ED6 4856            LDR              r0,|L0.4144|
 2125 00000ED8 6900            LDR              r0,[r0,#0x10] ; ts
 2126 00000EDA 5D00            LDRB             r0,[r0,r4]
 2127 00000EDC 2800            CMP              r0,#0
 2128 00000EDE D13B            BNE              |L0.3928|
 2129 00000EE0 4853            LDR              r0,|L0.4144|
 2130 00000EE2 68C0            LDR              r0,[r0,#0xc] ; ts
 2131 00000EE4 00E1            LSLS             r1,r4,#3
 2132 00000EE6 5840            LDR              r0,[r0,r1]
 2133 00000EE8 4951            LDR              r1,|L0.4144|
 2134 00000EEA 68C9            LDR              r1,[r1,#0xc] ; ts
 2135 00000EEC 00E2            LSLS             r2,r4,#3
 2136 00000EEE 1889            ADDS             r1,r1,r2



ARM Macro Assembler    Page 38 


 2137 00000EF0 6849            LDR              r1,[r1,#4]
 2138 00000EF2 4288            CMP              r0,r1
 2139 00000EF4 D211            BCS              |L0.3866|
 2140 00000EF6 484E            LDR              r0,|L0.4144|
 2141 00000EF8 6B80            LDR              r0,[r0,#0x38] ; ts
 2142 00000EFA 00E1            LSLS             r1,r4,#3
 2143 00000EFC 5840            LDR              r0,[r0,r1]
 2144 00000EFE 494C            LDR              r1,|L0.4144|
 2145 00000F00 6B49            LDR              r1,[r1,#0x34] ; ts
 2146 00000F02 00E2            LSLS             r2,r4,#3
 2147 00000F04 5889            LDR              r1,[r1,r2]
 2148 00000F06 1A40            SUBS             r0,r0,r1
 2149 00000F08 4949            LDR              r1,|L0.4144|
 2150 00000F0A 6BC9            LDR              r1,[r1,#0x3c] ; ts
 2151 00000F0C 00A2            LSLS             r2,r4,#2
 2152 00000F0E 5088            STR              r0,[r1,r2]
 2153 00000F10 2000            MOVS             r0,#0
 2154 00000F12 4947            LDR              r1,|L0.4144|
 2155 00000F14 6949            LDR              r1,[r1,#0x14] ; ts
 2156 00000F16 5508            STRB             r0,[r1,r4]
 2157 00000F18 E012            B                |L0.3904|
 2158 00000F1A         |L0.3866|
 2159 00000F1A 4845            LDR              r0,|L0.4144|
 2160 00000F1C 6B80            LDR              r0,[r0,#0x38] ; ts
 2161 00000F1E 00E1            LSLS             r1,r4,#3
 2162 00000F20 1840            ADDS             r0,r0,r1
 2163 00000F22 6841            LDR              r1,[r0,#4]
 2164 00000F24 4842            LDR              r0,|L0.4144|
 2165 00000F26 6B40            LDR              r0,[r0,#0x34] ; ts
 2166 00000F28 00E2            LSLS             r2,r4,#3
 2167 00000F2A 1880            ADDS             r0,r0,r2
 2168 00000F2C 6840            LDR              r0,[r0,#4]
 2169 00000F2E 1A08            SUBS             r0,r1,r0
 2170 00000F30 493F            LDR              r1,|L0.4144|
 2171 00000F32 6BC9            LDR              r1,[r1,#0x3c] ; ts
 2172 00000F34 00A2            LSLS             r2,r4,#2
 2173 00000F36 5088            STR              r0,[r1,r2]
 2174 00000F38 2001            MOVS             r0,#1
 2175 00000F3A 493D            LDR              r1,|L0.4144|
 2176 00000F3C 6949            LDR              r1,[r1,#0x14] ; ts
 2177 00000F3E 5508            STRB             r0,[r1,r4]
 2178 00000F40         |L0.3904|
 2179 00000F40 2000            MOVS             r0,#0
 2180 00000F42 493B            LDR              r1,|L0.4144|
 2181 00000F44 68C9            LDR              r1,[r1,#0xc] ; ts
 2182 00000F46 00E2            LSLS             r2,r4,#3
 2183 00000F48 5088            STR              r0,[r1,r2]
 2184 00000F4A 2100            MOVS             r1,#0
 2185 00000F4C 4838            LDR              r0,|L0.4144|
 2186 00000F4E 68C0            LDR              r0,[r0,#0xc] ; ts
 2187 00000F50 00E2            LSLS             r2,r4,#3
 2188 00000F52 1880            ADDS             r0,r0,r2
 2189 00000F54 6041            STR              r1,[r0,#4]
 2190 00000F56 E016            B                |L0.3974|
 2191 00000F58         |L0.3928|
 2192 00000F58 4835            LDR              r0,|L0.4144|
 2193 00000F5A 6B80            LDR              r0,[r0,#0x38] ; ts
 2194 00000F5C 00E1            LSLS             r1,r4,#3
 2195 00000F5E 1840            ADDS             r0,r0,r1



ARM Macro Assembler    Page 39 


 2196 00000F60 4933            LDR              r1,|L0.4144|
 2197 00000F62 6949            LDR              r1,[r1,#0x14] ; ts
 2198 00000F64 5D09            LDRB             r1,[r1,r4]
 2199 00000F66 0089            LSLS             r1,r1,#2
 2200 00000F68 5840            LDR              r0,[r0,r1]
 2201 00000F6A 4931            LDR              r1,|L0.4144|
 2202 00000F6C 6B49            LDR              r1,[r1,#0x34] ; ts
 2203 00000F6E 00E2            LSLS             r2,r4,#3
 2204 00000F70 1889            ADDS             r1,r1,r2
 2205 00000F72 4A2F            LDR              r2,|L0.4144|
 2206 00000F74 6952            LDR              r2,[r2,#0x14] ; ts
 2207 00000F76 5D12            LDRB             r2,[r2,r4]
 2208 00000F78 0092            LSLS             r2,r2,#2
 2209 00000F7A 5889            LDR              r1,[r1,r2]
 2210 00000F7C 1A41            SUBS             r1,r0,r1
 2211 00000F7E 482C            LDR              r0,|L0.4144|
 2212 00000F80 6BC0            LDR              r0,[r0,#0x3c] ; ts
 2213 00000F82 00A2            LSLS             r2,r4,#2
 2214 00000F84 5081            STR              r1,[r0,r2]
 2215 00000F86         |L0.3974|
 2216 00000F86 482A            LDR              r0,|L0.4144|
 2217 00000F88 69C0            LDR              r0,[r0,#0x1c] ; ts
 2218 00000F8A 00E1            LSLS             r1,r4,#3
 2219 00000F8C 5841            LDR              r1,[r0,r1]
 2220 00000F8E 4828            LDR              r0,|L0.4144|
 2221 00000F90 6980            LDR              r0,[r0,#0x18] ; ts
 2222 00000F92 00E2            LSLS             r2,r4,#3
 2223 00000F94 5081            STR              r1,[r0,r2]
 2224 00000F96 4826            LDR              r0,|L0.4144|
 2225 00000F98 69C0            LDR              r0,[r0,#0x1c] ; ts
 2226 00000F9A 00E1            LSLS             r1,r4,#3
 2227 00000F9C 1840            ADDS             r0,r0,r1
 2228 00000F9E 6840            LDR              r0,[r0,#4]
 2229 00000FA0 4923            LDR              r1,|L0.4144|
 2230 00000FA2 6989            LDR              r1,[r1,#0x18] ; ts
 2231 00000FA4 00E2            LSLS             r2,r4,#3
 2232 00000FA6 1889            ADDS             r1,r1,r2
 2233 00000FA8 6048            STR              r0,[r1,#4]
 2234 00000FAA 4821            LDR              r0,|L0.4144|
 2235 00000FAC 6AC0            LDR              r0,[r0,#0x2c] ; ts
 2236 00000FAE 00E1            LSLS             r1,r4,#3
 2237 00000FB0 1840            ADDS             r0,r0,r1
 2238 00000FB2 6840            LDR              r0,[r0,#4]
 2239 00000FB4 491E            LDR              r1,|L0.4144|
 2240 00000FB6 6B09            LDR              r1,[r1,#0x30] ; ts
 2241 00000FB8 00E2            LSLS             r2,r4,#3
 2242 00000FBA 5088            STR              r0,[r1,r2]
 2243 00000FBC 481C            LDR              r0,|L0.4144|
 2244 00000FBE 6AC0            LDR              r0,[r0,#0x2c] ; ts
 2245 00000FC0 00E1            LSLS             r1,r4,#3
 2246 00000FC2 1840            ADDS             r0,r0,r1
 2247 00000FC4 6840            LDR              r0,[r0,#4]
 2248 00000FC6 491A            LDR              r1,|L0.4144|
 2249 00000FC8 6B09            LDR              r1,[r1,#0x30] ; ts
 2250 00000FCA 00E2            LSLS             r2,r4,#3
 2251 00000FCC 1889            ADDS             r1,r1,r2
 2252 00000FCE 6048            STR              r0,[r1,#4]
 2253 00000FD0 1C60            ADDS             r0,r4,#1
 2254 00000FD2 B2C4            UXTB             r4,r0



ARM Macro Assembler    Page 40 


 2255 00000FD4         |L0.4052|
 2256 00000FD4 4816            LDR              r0,|L0.4144|
 2257 00000FD6 3060            ADDS             r0,r0,#0x60
 2258 00000FD8 7840            LDRB             r0,[r0,#1]  ; ts
 2259 00000FDA 42A0            CMP              r0,r4
 2260 00000FDC DD00            BLE              |L0.4064|
 2261 00000FDE E702            B                |L0.3558|
 2262 00000FE0         |L0.4064|
 2263 00000FE0 BD7C            POP              {r2-r6,pc}
 2264 00000FE2                 ENDP
 2265 00000FE2         
 2266 00000FE2         Touch_Disicion_Key
                               PROC
 2267 00000FE2 B5F8            PUSH             {r3-r7,lr}
 2268 00000FE4 2100            MOVS             r1,#0
 2269 00000FE6 4812            LDR              r0,|L0.4144|
 2270 00000FE8 3080            ADDS             r0,r0,#0x80
 2271 00000FEA 6541            STR              r1,[r0,#0x54] ; ts
 2272 00000FEC 2400            MOVS             r4,#0
 2273 00000FEE E1FF            B                |L0.5104|
 2274 00000FF0         |L0.4080|
 2275 00000FF0 480F            LDR              r0,|L0.4144|
 2276 00000FF2 6DC0            LDR              r0,[r0,#0x5c] ; ts
 2277 00000FF4 2101            MOVS             r1,#1
 2278 00000FF6 40A1            LSLS             r1,r1,r4
 2279 00000FF8 4008            ANDS             r0,r0,r1
 2280 00000FFA 2800            CMP              r0,#0
 2281 00000FFC D07E            BEQ              |L0.4348|
 2282 00000FFE 490C            LDR              r1,|L0.4144|
 2283 00001000 6889            LDR              r1,[r1,#8]  ; ts
 2284 00001002 00A2            LSLS             r2,r4,#2
 2285 00001004 5889            LDR              r1,[r1,r2]
 2286 00001006 4A0A            LDR              r2,|L0.4144|
 2287 00001008 3260            ADDS             r2,r2,#0x60
 2288 0000100A 7F52            LDRB             r2,[r2,#0x1d] ; ts
 2289 0000100C 4351            MULS             r1,r2,r1
 2290 0000100E 4608            MOV              r0,r1
 2291 00001010 2164            MOVS             r1,#0x64
 2292 00001012 F7FF FFFE       BL               __aeabi_idivmod
 2293 00001016 4906            LDR              r1,|L0.4144|
 2294 00001018 6C09            LDR              r1,[r1,#0x40] ; ts
 2295 0000101A 00A2            LSLS             r2,r4,#2
 2296 0000101C 5889            LDR              r1,[r1,r2]
 2297 0000101E 4288            CMP              r0,r1
 2298 00001020 DD2C            BLE              |L0.4220|
 2299 00001022 4803            LDR              r0,|L0.4144|
 2300 00001024 6C80            LDR              r0,[r0,#0x48] ; ts
 2301 00001026 5D00            LDRB             r0,[r0,r4]
 2302 00001028 1E40            SUBS             r0,r0,#1
 2303 0000102A 4901            LDR              r1,|L0.4144|
 2304 0000102C 6C89            LDR              r1,[r1,#0x48] ; ts
 2305 0000102E E003            B                |L0.4152|
 2306 00001030         |L0.4144|
 2307 00001030 00000000        DCD              ||ts||
 2308 00001034         |L0.4148|
 2309 00001034 00000000        DCD              ref_channel_gain
 2310 00001038         |L0.4152|
 2311 00001038 5508            STRB             r0,[r1,r4]
 2312 0000103A 48FE            LDR              r0,|L0.5172|



ARM Macro Assembler    Page 41 


 2313 0000103C 6C80            LDR              r0,[r0,#0x48] ; ts
 2314 0000103E 5D00            LDRB             r0,[r0,r4]
 2315 00001040 2800            CMP              r0,#0
 2316 00001042 D110            BNE              |L0.4198|
 2317 00001044 48FB            LDR              r0,|L0.5172|
 2318 00001046 6DC0            LDR              r0,[r0,#0x5c] ; ts
 2319 00001048 2101            MOVS             r1,#1
 2320 0000104A 40A1            LSLS             r1,r1,r4
 2321 0000104C 4388            BICS             r0,r0,r1
 2322 0000104E 49F9            LDR              r1,|L0.5172|
 2323 00001050 65C8            STR              r0,[r1,#0x5c] ; ts
 2324 00001052 4608            MOV              r0,r1
 2325 00001054 6D80            LDR              r0,[r0,#0x58] ; ts
 2326 00001056 2101            MOVS             r1,#1
 2327 00001058 40A1            LSLS             r1,r1,r4
 2328 0000105A 4388            BICS             r0,r0,r1
 2329 0000105C 49F5            LDR              r1,|L0.5172|
 2330 0000105E 6588            STR              r0,[r1,#0x58] ; ts
 2331 00001060 2003            MOVS             r0,#3
 2332 00001062 6C49            LDR              r1,[r1,#0x44] ; ts
 2333 00001064 5508            STRB             r0,[r1,r4]
 2334 00001066         |L0.4198|
 2335 00001066 48F3            LDR              r0,|L0.5172|
 2336 00001068 30D8            ADDS             r0,r0,#0xd8
 2337 0000106A 7840            LDRB             r0,[r0,#1]
 2338 0000106C 0740            LSLS             r0,r0,#29
 2339 0000106E 0FC0            LSRS             r0,r0,#31
 2340 00001070 2800            CMP              r0,#0
 2341 00001072 D031            BEQ              |L0.4312|
 2342 00001074 2008            MOVS             r0,#8
 2343 00001076 F7FF FFFE       BL               UT_Clear_Timer
 2344 0000107A E02D            B                |L0.4312|
 2345 0000107C         |L0.4220|
 2346 0000107C 48ED            LDR              r0,|L0.5172|
 2347 0000107E 3060            ADDS             r0,r0,#0x60
 2348 00001080 7D00            LDRB             r0,[r0,#0x14] ; ts
 2349 00001082 1C40            ADDS             r0,r0,#1
 2350 00001084 49EB            LDR              r1,|L0.5172|
 2351 00001086 6C89            LDR              r1,[r1,#0x48] ; ts
 2352 00001088 5508            STRB             r0,[r1,r4]
 2353 0000108A 48EA            LDR              r0,|L0.5172|
 2354 0000108C 30D8            ADDS             r0,r0,#0xd8
 2355 0000108E 7840            LDRB             r0,[r0,#1]
 2356 00001090 0740            LSLS             r0,r0,#29
 2357 00001092 0FC0            LSRS             r0,r0,#31
 2358 00001094 2800            CMP              r0,#0
 2359 00001096 D01F            BEQ              |L0.4312|
 2360 00001098 2008            MOVS             r0,#8
 2361 0000109A F7FF FFFE       BL               UT_Is_Expired
 2362 0000109E 2801            CMP              r0,#1
 2363 000010A0 D11A            BNE              |L0.4312|
 2364 000010A2 2400            MOVS             r4,#0
 2365 000010A4 E013            B                |L0.4302|
 2366 000010A6         |L0.4262|
 2367 000010A6 48E3            LDR              r0,|L0.5172|
 2368 000010A8 6B40            LDR              r0,[r0,#0x34] ; ts
 2369 000010AA 00E1            LSLS             r1,r4,#3
 2370 000010AC 5840            LDR              r0,[r0,r1]
 2371 000010AE 49E1            LDR              r1,|L0.5172|



ARM Macro Assembler    Page 42 


 2372 000010B0 6B89            LDR              r1,[r1,#0x38] ; ts
 2373 000010B2 00E2            LSLS             r2,r4,#3
 2374 000010B4 5088            STR              r0,[r1,r2]
 2375 000010B6 48DF            LDR              r0,|L0.5172|
 2376 000010B8 6B40            LDR              r0,[r0,#0x34] ; ts
 2377 000010BA 00E1            LSLS             r1,r4,#3
 2378 000010BC 1840            ADDS             r0,r0,r1
 2379 000010BE 6840            LDR              r0,[r0,#4]
 2380 000010C0 49DC            LDR              r1,|L0.5172|
 2381 000010C2 6B89            LDR              r1,[r1,#0x38] ; ts
 2382 000010C4 00E2            LSLS             r2,r4,#3
 2383 000010C6 1889            ADDS             r1,r1,r2
 2384 000010C8 6048            STR              r0,[r1,#4]
 2385 000010CA 1C60            ADDS             r0,r4,#1
 2386 000010CC B2C4            UXTB             r4,r0
 2387 000010CE         |L0.4302|
 2388 000010CE 48D9            LDR              r0,|L0.5172|
 2389 000010D0 3060            ADDS             r0,r0,#0x60
 2390 000010D2 7840            LDRB             r0,[r0,#1]  ; ts
 2391 000010D4 42A0            CMP              r0,r4
 2392 000010D6 DCE6            BGT              |L0.4262|
 2393 000010D8         |L0.4312|
 2394 000010D8 48D6            LDR              r0,|L0.5172|
 2395 000010DA 30D8            ADDS             r0,r0,#0xd8
 2396 000010DC 7840            LDRB             r0,[r0,#1]
 2397 000010DE 06C0            LSLS             r0,r0,#27
 2398 000010E0 0FC0            LSRS             r0,r0,#31
 2399 000010E2 2800            CMP              r0,#0
 2400 000010E4 D010            BEQ              |L0.4360|
 2401 000010E6 48D3            LDR              r0,|L0.5172|
 2402 000010E8 3080            ADDS             r0,r0,#0x80
 2403 000010EA 6C00            LDR              r0,[r0,#0x40] ; ts
 2404 000010EC 2101            MOVS             r1,#1
 2405 000010EE 40A1            LSLS             r1,r1,r4
 2406 000010F0 4008            ANDS             r0,r0,r1
 2407 000010F2 2800            CMP              r0,#0
 2408 000010F4 D108            BNE              |L0.4360|
 2409 000010F6 48CF            LDR              r0,|L0.5172|
 2410 000010F8 3080            ADDS             r0,r0,#0x80
 2411 000010FA E000            B                |L0.4350|
 2412 000010FC         |L0.4348|
 2413 000010FC E005            B                |L0.4362|
 2414 000010FE         |L0.4350|
 2415 000010FE 6D40            LDR              r0,[r0,#0x54] ; ts
 2416 00001100 1C40            ADDS             r0,r0,#1
 2417 00001102 49CC            LDR              r1,|L0.5172|
 2418 00001104 3180            ADDS             r1,r1,#0x80
 2419 00001106 6548            STR              r0,[r1,#0x54] ; ts
 2420 00001108         |L0.4360|
 2421 00001108 E093            B                |L0.4658|
 2422 0000110A         |L0.4362|
 2423 0000110A 48CA            LDR              r0,|L0.5172|
 2424 0000110C 6C00            LDR              r0,[r0,#0x40] ; ts
 2425 0000110E 00A1            LSLS             r1,r4,#2
 2426 00001110 5840            LDR              r0,[r0,r1]
 2427 00001112 49C8            LDR              r1,|L0.5172|
 2428 00001114 6889            LDR              r1,[r1,#8]  ; ts
 2429 00001116 00A2            LSLS             r2,r4,#2
 2430 00001118 5889            LDR              r1,[r1,r2]



ARM Macro Assembler    Page 43 


 2431 0000111A 4288            CMP              r0,r1
 2432 0000111C DD7E            BLE              |L0.4636|
 2433 0000111E 48C5            LDR              r0,|L0.5172|
 2434 00001120 6C80            LDR              r0,[r0,#0x48] ; ts
 2435 00001122 5D00            LDRB             r0,[r0,r4]
 2436 00001124 1C40            ADDS             r0,r0,#1
 2437 00001126 49C3            LDR              r1,|L0.5172|
 2438 00001128 6C89            LDR              r1,[r1,#0x48] ; ts
 2439 0000112A 5508            STRB             r0,[r1,r4]
 2440 0000112C 2003            MOVS             r0,#3
 2441 0000112E 49C1            LDR              r1,|L0.5172|
 2442 00001130 6C49            LDR              r1,[r1,#0x44] ; ts
 2443 00001132 5508            STRB             r0,[r1,r4]
 2444 00001134 48BF            LDR              r0,|L0.5172|
 2445 00001136 6C80            LDR              r0,[r0,#0x48] ; ts
 2446 00001138 5D01            LDRB             r1,[r0,r4]
 2447 0000113A 48BE            LDR              r0,|L0.5172|
 2448 0000113C 3060            ADDS             r0,r0,#0x60
 2449 0000113E 7CC0            LDRB             r0,[r0,#0x13] ; ts
 2450 00001140 4281            CMP              r1,r0
 2451 00001142 DD76            BLE              |L0.4658|
 2452 00001144 48BB            LDR              r0,|L0.5172|
 2453 00001146 30D8            ADDS             r0,r0,#0xd8
 2454 00001148 7840            LDRB             r0,[r0,#1]
 2455 0000114A 0740            LSLS             r0,r0,#29
 2456 0000114C 0FC0            LSRS             r0,r0,#31
 2457 0000114E 2800            CMP              r0,#0
 2458 00001150 D009            BEQ              |L0.4454|
 2459 00001152 48B8            LDR              r0,|L0.5172|
 2460 00001154 6DC0            LDR              r0,[r0,#0x5c] ; ts
 2461 00001156 2800            CMP              r0,#0
 2462 00001158 D105            BNE              |L0.4454|
 2463 0000115A 48B6            LDR              r0,|L0.5172|
 2464 0000115C 3080            ADDS             r0,r0,#0x80
 2465 0000115E 6B81            LDR              r1,[r0,#0x38] ; ts
 2466 00001160 2008            MOVS             r0,#8
 2467 00001162 F7FF FFFE       BL               UT_Set_Timer
 2468 00001166         |L0.4454|
 2469 00001166 48B3            LDR              r0,|L0.5172|
 2470 00001168 3060            ADDS             r0,r0,#0x60
 2471 0000116A 7D00            LDRB             r0,[r0,#0x14] ; ts
 2472 0000116C 1C40            ADDS             r0,r0,#1
 2473 0000116E 49B1            LDR              r1,|L0.5172|
 2474 00001170 6C89            LDR              r1,[r1,#0x48] ; ts
 2475 00001172 5508            STRB             r0,[r1,r4]
 2476 00001174 48AF            LDR              r0,|L0.5172|
 2477 00001176 6DC0            LDR              r0,[r0,#0x5c] ; ts
 2478 00001178 2101            MOVS             r1,#1
 2479 0000117A 40A1            LSLS             r1,r1,r4
 2480 0000117C 4308            ORRS             r0,r0,r1
 2481 0000117E 49AD            LDR              r1,|L0.5172|
 2482 00001180 65C8            STR              r0,[r1,#0x5c] ; ts
 2483 00001182 4608            MOV              r0,r1
 2484 00001184 6D80            LDR              r0,[r0,#0x58] ; ts
 2485 00001186 2101            MOVS             r1,#1
 2486 00001188 40A1            LSLS             r1,r1,r4
 2487 0000118A 4308            ORRS             r0,r0,r1
 2488 0000118C 49A9            LDR              r1,|L0.5172|
 2489 0000118E 6588            STR              r0,[r1,#0x58] ; ts



ARM Macro Assembler    Page 44 


 2490 00001190 4608            MOV              r0,r1
 2491 00001192 30D8            ADDS             r0,r0,#0xd8
 2492 00001194 7840            LDRB             r0,[r0,#1]
 2493 00001196 0680            LSLS             r0,r0,#26
 2494 00001198 0FC0            LSRS             r0,r0,#31
 2495 0000119A 2800            CMP              r0,#0
 2496 0000119C D018            BEQ              |L0.4560|
 2497 0000119E 4608            MOV              r0,r1
 2498 000011A0 6BC0            LDR              r0,[r0,#0x3c] ; ts
 2499 000011A2 00A1            LSLS             r1,r4,#2
 2500 000011A4 5841            LDR              r1,[r0,r1]
 2501 000011A6 48A3            LDR              r0,|L0.5172|
 2502 000011A8 3080            ADDS             r0,r0,#0x80
 2503 000011AA 6C80            LDR              r0,[r0,#0x48] ; ts
 2504 000011AC 00A2            LSLS             r2,r4,#2
 2505 000011AE 5880            LDR              r0,[r0,r2]
 2506 000011B0 4281            CMP              r1,r0
 2507 000011B2 DD0D            BLE              |L0.4560|
 2508 000011B4 489F            LDR              r0,|L0.5172|
 2509 000011B6 6DC0            LDR              r0,[r0,#0x5c] ; ts
 2510 000011B8 2101            MOVS             r1,#1
 2511 000011BA 40A1            LSLS             r1,r1,r4
 2512 000011BC 4388            BICS             r0,r0,r1
 2513 000011BE 499D            LDR              r1,|L0.5172|
 2514 000011C0 65C8            STR              r0,[r1,#0x5c] ; ts
 2515 000011C2 4608            MOV              r0,r1
 2516 000011C4 6D80            LDR              r0,[r0,#0x58] ; ts
 2517 000011C6 2101            MOVS             r1,#1
 2518 000011C8 40A1            LSLS             r1,r1,r4
 2519 000011CA 4388            BICS             r0,r0,r1
 2520 000011CC 4999            LDR              r1,|L0.5172|
 2521 000011CE 6588            STR              r0,[r1,#0x58] ; ts
 2522 000011D0         |L0.4560|
 2523 000011D0 4898            LDR              r0,|L0.5172|
 2524 000011D2 30D8            ADDS             r0,r0,#0xd8
 2525 000011D4 7840            LDRB             r0,[r0,#1]
 2526 000011D6 0640            LSLS             r0,r0,#25
 2527 000011D8 0FC0            LSRS             r0,r0,#31
 2528 000011DA 2800            CMP              r0,#0
 2529 000011DC D029            BEQ              |L0.4658|
 2530 000011DE 4895            LDR              r0,|L0.5172|
 2531 000011E0 30C0            ADDS             r0,r0,#0xc0
 2532 000011E2 7C00            LDRB             r0,[r0,#0x10] ; ts
 2533 000011E4 2800            CMP              r0,#0
 2534 000011E6 D107            BNE              |L0.4600|
 2535 000011E8 4892            LDR              r0,|L0.5172|
 2536 000011EA 3080            ADDS             r0,r0,#0x80
 2537 000011EC 6CC0            LDR              r0,[r0,#0x4c] ; ts
 2538 000011EE 5D01            LDRB             r1,[r0,r4]
 2539 000011F0 4890            LDR              r0,|L0.5172|
 2540 000011F2 30C0            ADDS             r0,r0,#0xc0
 2541 000011F4 7401            STRB             r1,[r0,#0x10]
 2542 000011F6 E01C            B                |L0.4658|
 2543 000011F8         |L0.4600|
 2544 000011F8 488E            LDR              r0,|L0.5172|
 2545 000011FA 30C0            ADDS             r0,r0,#0xc0
 2546 000011FC 7C01            LDRB             r1,[r0,#0x10] ; ts
 2547 000011FE 3840            SUBS             r0,r0,#0x40
 2548 00001200 6CC0            LDR              r0,[r0,#0x4c] ; ts



ARM Macro Assembler    Page 45 


 2549 00001202 5D00            LDRB             r0,[r0,r4]
 2550 00001204 4281            CMP              r1,r0
 2551 00001206 D014            BEQ              |L0.4658|
 2552 00001208 488A            LDR              r0,|L0.5172|
 2553 0000120A 6DC0            LDR              r0,[r0,#0x5c] ; ts
 2554 0000120C 2101            MOVS             r1,#1
 2555 0000120E 40A1            LSLS             r1,r1,r4
 2556 00001210 4388            BICS             r0,r0,r1
 2557 00001212 4988            LDR              r1,|L0.5172|
 2558 00001214 65C8            STR              r0,[r1,#0x5c] ; ts
 2559 00001216 4608            MOV              r0,r1
 2560 00001218 6D80            LDR              r0,[r0,#0x58] ; ts
 2561 0000121A E000            B                |L0.4638|
 2562 0000121C         |L0.4636|
 2563 0000121C E005            B                |L0.4650|
 2564 0000121E         |L0.4638|
 2565 0000121E 2101            MOVS             r1,#1
 2566 00001220 40A1            LSLS             r1,r1,r4
 2567 00001222 4388            BICS             r0,r0,r1
 2568 00001224 4983            LDR              r1,|L0.5172|
 2569 00001226 6588            STR              r0,[r1,#0x58] ; ts
 2570 00001228 E003            B                |L0.4658|
 2571 0000122A         |L0.4650|
 2572 0000122A 2000            MOVS             r0,#0
 2573 0000122C 4981            LDR              r1,|L0.5172|
 2574 0000122E 6C89            LDR              r1,[r1,#0x48] ; ts
 2575 00001230 5508            STRB             r0,[r1,r4]
 2576 00001232         |L0.4658|
 2577 00001232 2000            MOVS             r0,#0
 2578 00001234 9000            STR              r0,[sp,#0]
 2579 00001236 497F            LDR              r1,|L0.5172|
 2580 00001238 6889            LDR              r1,[r1,#8]  ; ts
 2581 0000123A 00A2            LSLS             r2,r4,#2
 2582 0000123C 5889            LDR              r1,[r1,r2]
 2583 0000123E 4A7D            LDR              r2,|L0.5172|
 2584 00001240 3260            ADDS             r2,r2,#0x60
 2585 00001242 7F12            LDRB             r2,[r2,#0x1c] ; ts
 2586 00001244 4351            MULS             r1,r2,r1
 2587 00001246 4608            MOV              r0,r1
 2588 00001248 2164            MOVS             r1,#0x64
 2589 0000124A F7FF FFFE       BL               __aeabi_idivmod
 2590 0000124E 4979            LDR              r1,|L0.5172|
 2591 00001250 6B89            LDR              r1,[r1,#0x38] ; ts
 2592 00001252 00E2            LSLS             r2,r4,#3
 2593 00001254 5889            LDR              r1,[r1,r2]
 2594 00001256 4A77            LDR              r2,|L0.5172|
 2595 00001258 6B52            LDR              r2,[r2,#0x34] ; ts
 2596 0000125A 00E3            LSLS             r3,r4,#3
 2597 0000125C 58D2            LDR              r2,[r2,r3]
 2598 0000125E 1A8F            SUBS             r7,r1,r2
 2599 00001260 2F00            CMP              r7,#0
 2600 00001262 DB01            BLT              |L0.4712|
 2601 00001264 4639            MOV              r1,r7
 2602 00001266 E000            B                |L0.4714|
 2603 00001268         |L0.4712|
 2604 00001268 4279            RSBS             r1,r7,#0
 2605 0000126A         |L0.4714|
 2606 0000126A 4288            CMP              r0,r1
 2607 0000126C D31D            BCC              |L0.4778|



ARM Macro Assembler    Page 46 


 2608 0000126E 4971            LDR              r1,|L0.5172|
 2609 00001270 6889            LDR              r1,[r1,#8]  ; ts
 2610 00001272 00A2            LSLS             r2,r4,#2
 2611 00001274 5889            LDR              r1,[r1,r2]
 2612 00001276 4A6F            LDR              r2,|L0.5172|
 2613 00001278 3260            ADDS             r2,r2,#0x60
 2614 0000127A 7F12            LDRB             r2,[r2,#0x1c] ; ts
 2615 0000127C 4351            MULS             r1,r2,r1
 2616 0000127E 4608            MOV              r0,r1
 2617 00001280 2164            MOVS             r1,#0x64
 2618 00001282 F7FF FFFE       BL               __aeabi_idivmod
 2619 00001286 496B            LDR              r1,|L0.5172|
 2620 00001288 6B89            LDR              r1,[r1,#0x38] ; ts
 2621 0000128A 00E2            LSLS             r2,r4,#3
 2622 0000128C 1889            ADDS             r1,r1,r2
 2623 0000128E 6849            LDR              r1,[r1,#4]
 2624 00001290 4A68            LDR              r2,|L0.5172|
 2625 00001292 6B52            LDR              r2,[r2,#0x34] ; ts
 2626 00001294 00E3            LSLS             r3,r4,#3
 2627 00001296 18D2            ADDS             r2,r2,r3
 2628 00001298 6852            LDR              r2,[r2,#4]
 2629 0000129A 1A8E            SUBS             r6,r1,r2
 2630 0000129C 2E00            CMP              r6,#0
 2631 0000129E DB01            BLT              |L0.4772|
 2632 000012A0 4631            MOV              r1,r6
 2633 000012A2 E000            B                |L0.4774|
 2634 000012A4         |L0.4772|
 2635 000012A4 4271            RSBS             r1,r6,#0
 2636 000012A6         |L0.4774|
 2637 000012A6 4288            CMP              r0,r1
 2638 000012A8 D201            BCS              |L0.4782|
 2639 000012AA         |L0.4778|
 2640 000012AA 2001            MOVS             r0,#1
 2641 000012AC 9000            STR              r0,[sp,#0]
 2642 000012AE         |L0.4782|
 2643 000012AE 4961            LDR              r1,|L0.5172|
 2644 000012B0 6889            LDR              r1,[r1,#8]  ; ts
 2645 000012B2 00A2            LSLS             r2,r4,#2
 2646 000012B4 5889            LDR              r1,[r1,r2]
 2647 000012B6 4A5F            LDR              r2,|L0.5172|
 2648 000012B8 3260            ADDS             r2,r2,#0x60
 2649 000012BA 7F12            LDRB             r2,[r2,#0x1c] ; ts
 2650 000012BC 4351            MULS             r1,r2,r1
 2651 000012BE 4608            MOV              r0,r1
 2652 000012C0 2164            MOVS             r1,#0x64
 2653 000012C2 F7FF FFFE       BL               __aeabi_idivmod
 2654 000012C6 495B            LDR              r1,|L0.5172|
 2655 000012C8 6B89            LDR              r1,[r1,#0x38] ; ts
 2656 000012CA 00E2            LSLS             r2,r4,#3
 2657 000012CC 5889            LDR              r1,[r1,r2]
 2658 000012CE 1840            ADDS             r0,r0,r1
 2659 000012D0 4958            LDR              r1,|L0.5172|
 2660 000012D2 6B49            LDR              r1,[r1,#0x34] ; ts
 2661 000012D4 00E2            LSLS             r2,r4,#3
 2662 000012D6 5889            LDR              r1,[r1,r2]
 2663 000012D8 4288            CMP              r0,r1
 2664 000012DA D318            BCC              |L0.4878|
 2665 000012DC 4955            LDR              r1,|L0.5172|
 2666 000012DE 6889            LDR              r1,[r1,#8]  ; ts



ARM Macro Assembler    Page 47 


 2667 000012E0 00A2            LSLS             r2,r4,#2
 2668 000012E2 5889            LDR              r1,[r1,r2]
 2669 000012E4 4A53            LDR              r2,|L0.5172|
 2670 000012E6 3260            ADDS             r2,r2,#0x60
 2671 000012E8 7F12            LDRB             r2,[r2,#0x1c] ; ts
 2672 000012EA 4351            MULS             r1,r2,r1
 2673 000012EC 4608            MOV              r0,r1
 2674 000012EE 2164            MOVS             r1,#0x64
 2675 000012F0 F7FF FFFE       BL               __aeabi_idivmod
 2676 000012F4 494F            LDR              r1,|L0.5172|
 2677 000012F6 6B89            LDR              r1,[r1,#0x38] ; ts
 2678 000012F8 00E2            LSLS             r2,r4,#3
 2679 000012FA 1889            ADDS             r1,r1,r2
 2680 000012FC 6849            LDR              r1,[r1,#4]
 2681 000012FE 1840            ADDS             r0,r0,r1
 2682 00001300 494C            LDR              r1,|L0.5172|
 2683 00001302 6B49            LDR              r1,[r1,#0x34] ; ts
 2684 00001304 00E2            LSLS             r2,r4,#3
 2685 00001306 1889            ADDS             r1,r1,r2
 2686 00001308 6849            LDR              r1,[r1,#4]
 2687 0000130A 4288            CMP              r0,r1
 2688 0000130C D201            BCS              |L0.4882|
 2689 0000130E         |L0.4878|
 2690 0000130E 2001            MOVS             r0,#1
 2691 00001310 9000            STR              r0,[sp,#0]
 2692 00001312         |L0.4882|
 2693 00001312 4848            LDR              r0,|L0.5172|
 2694 00001314 6DC0            LDR              r0,[r0,#0x5c] ; ts
 2695 00001316 2800            CMP              r0,#0
 2696 00001318 D104            BNE              |L0.4900|
 2697 0000131A 4846            LDR              r0,|L0.5172|
 2698 0000131C 6C80            LDR              r0,[r0,#0x48] ; ts
 2699 0000131E 5D00            LDRB             r0,[r0,r4]
 2700 00001320 2800            CMP              r0,#0
 2701 00001322 D004            BEQ              |L0.4910|
 2702 00001324         |L0.4900|
 2703 00001324 21FF            MOVS             r1,#0xff
 2704 00001326 4843            LDR              r0,|L0.5172|
 2705 00001328 3080            ADDS             r0,r0,#0x80
 2706 0000132A 7101            STRB             r1,[r0,#4]
 2707 0000132C E05E            B                |L0.5100|
 2708 0000132E         |L0.4910|
 2709 0000132E 4841            LDR              r0,|L0.5172|
 2710 00001330 3080            ADDS             r0,r0,#0x80
 2711 00001332 7900            LDRB             r0,[r0,#4]  ; ts
 2712 00001334 28FF            CMP              r0,#0xff
 2713 00001336 D11A            BNE              |L0.4974|
 2714 00001338 9800            LDR              r0,[sp,#0]
 2715 0000133A 2801            CMP              r0,#1
 2716 0000133C D156            BNE              |L0.5100|
 2717 0000133E 483D            LDR              r0,|L0.5172|
 2718 00001340 3080            ADDS             r0,r0,#0x80
 2719 00001342 7104            STRB             r4,[r0,#4]
 2720 00001344 3880            SUBS             r0,r0,#0x80
 2721 00001346 6B40            LDR              r0,[r0,#0x34] ; ts
 2722 00001348 00E1            LSLS             r1,r4,#3
 2723 0000134A 5840            LDR              r0,[r0,r1]
 2724 0000134C 4939            LDR              r1,|L0.5172|
 2725 0000134E 6B89            LDR              r1,[r1,#0x38] ; ts



ARM Macro Assembler    Page 48 


 2726 00001350 00E2            LSLS             r2,r4,#3
 2727 00001352 5889            LDR              r1,[r1,r2]
 2728 00001354 4288            CMP              r0,r1
 2729 00001356 D904            BLS              |L0.4962|
 2730 00001358 2164            MOVS             r1,#0x64
 2731 0000135A 2002            MOVS             r0,#2
 2732 0000135C F7FF FFFE       BL               UT_Set_Timer
 2733 00001360 E044            B                |L0.5100|
 2734 00001362         |L0.4962|
 2735 00001362 4834            LDR              r0,|L0.5172|
 2736 00001364 6F81            LDR              r1,[r0,#0x78] ; ts
 2737 00001366 2002            MOVS             r0,#2
 2738 00001368 F7FF FFFE       BL               UT_Set_Timer
 2739 0000136C E03E            B                |L0.5100|
 2740 0000136E         |L0.4974|
 2741 0000136E 4831            LDR              r0,|L0.5172|
 2742 00001370 3080            ADDS             r0,r0,#0x80
 2743 00001372 7900            LDRB             r0,[r0,#4]  ; ts
 2744 00001374 42A0            CMP              r0,r4
 2745 00001376 D139            BNE              |L0.5100|
 2746 00001378 9800            LDR              r0,[sp,#0]
 2747 0000137A 2801            CMP              r0,#1
 2748 0000137C D12F            BNE              |L0.5086|
 2749 0000137E 2002            MOVS             r0,#2
 2750 00001380 F7FF FFFE       BL               UT_Is_Expired
 2751 00001384 2801            CMP              r0,#1
 2752 00001386 D131            BNE              |L0.5100|
 2753 00001388 2500            MOVS             r5,#0
 2754 0000138A E022            B                |L0.5074|
 2755 0000138C         |L0.5004|
 2756 0000138C 4829            LDR              r0,|L0.5172|
 2757 0000138E 6B40            LDR              r0,[r0,#0x34] ; ts
 2758 00001390 00E9            LSLS             r1,r5,#3
 2759 00001392 5840            LDR              r0,[r0,r1]
 2760 00001394 4927            LDR              r1,|L0.5172|
 2761 00001396 6B89            LDR              r1,[r1,#0x38] ; ts
 2762 00001398 00EA            LSLS             r2,r5,#3
 2763 0000139A 5088            STR              r0,[r1,r2]
 2764 0000139C 4825            LDR              r0,|L0.5172|
 2765 0000139E 6B40            LDR              r0,[r0,#0x34] ; ts
 2766 000013A0 00E9            LSLS             r1,r5,#3
 2767 000013A2 1840            ADDS             r0,r0,r1
 2768 000013A4 6840            LDR              r0,[r0,#4]
 2769 000013A6 4923            LDR              r1,|L0.5172|
 2770 000013A8 6B89            LDR              r1,[r1,#0x38] ; ts
 2771 000013AA 00EA            LSLS             r2,r5,#3
 2772 000013AC 1889            ADDS             r1,r1,r2
 2773 000013AE 6048            STR              r0,[r1,#4]
 2774 000013B0 2100            MOVS             r1,#0
 2775 000013B2 4820            LDR              r0,|L0.5172|
 2776 000013B4 3080            ADDS             r0,r0,#0x80
 2777 000013B6 6980            LDR              r0,[r0,#0x18] ; ts
 2778 000013B8 00EA            LSLS             r2,r5,#3
 2779 000013BA 5081            STR              r1,[r0,r2]
 2780 000013BC 481D            LDR              r0,|L0.5172|
 2781 000013BE 3080            ADDS             r0,r0,#0x80
 2782 000013C0 6980            LDR              r0,[r0,#0x18] ; ts
 2783 000013C2 00EA            LSLS             r2,r5,#3
 2784 000013C4 1880            ADDS             r0,r0,r2



ARM Macro Assembler    Page 49 


 2785 000013C6 6041            STR              r1,[r0,#4]
 2786 000013C8 481A            LDR              r0,|L0.5172|
 2787 000013CA 3080            ADDS             r0,r0,#0x80
 2788 000013CC 6201            STR              r1,[r0,#0x20] ; ts
 2789 000013CE 1C68            ADDS             r0,r5,#1
 2790 000013D0 B2C5            UXTB             r5,r0
 2791 000013D2         |L0.5074|
 2792 000013D2 4818            LDR              r0,|L0.5172|
 2793 000013D4 3060            ADDS             r0,r0,#0x60
 2794 000013D6 7840            LDRB             r0,[r0,#1]  ; ts
 2795 000013D8 42A8            CMP              r0,r5
 2796 000013DA DCD7            BGT              |L0.5004|
 2797 000013DC E006            B                |L0.5100|
 2798 000013DE         |L0.5086|
 2799 000013DE 21FF            MOVS             r1,#0xff
 2800 000013E0 4814            LDR              r0,|L0.5172|
 2801 000013E2 3080            ADDS             r0,r0,#0x80
 2802 000013E4 7101            STRB             r1,[r0,#4]
 2803 000013E6 2002            MOVS             r0,#2
 2804 000013E8 F7FF FFFE       BL               UT_Clear_Timer
 2805 000013EC         |L0.5100|
 2806 000013EC 1C60            ADDS             r0,r4,#1
 2807 000013EE B2C4            UXTB             r4,r0
 2808 000013F0         |L0.5104|
 2809 000013F0 4810            LDR              r0,|L0.5172|
 2810 000013F2 3060            ADDS             r0,r0,#0x60
 2811 000013F4 7840            LDRB             r0,[r0,#1]  ; ts
 2812 000013F6 42A0            CMP              r0,r4
 2813 000013F8 DD00            BLE              |L0.5116|
 2814 000013FA E5F9            B                |L0.4080|
 2815 000013FC         |L0.5116|
 2816 000013FC 480D            LDR              r0,|L0.5172|
 2817 000013FE 30D8            ADDS             r0,r0,#0xd8
 2818 00001400 7840            LDRB             r0,[r0,#1]
 2819 00001402 0700            LSLS             r0,r0,#28
 2820 00001404 0FC0            LSRS             r0,r0,#31
 2821 00001406 2800            CMP              r0,#0
 2822 00001408 D01A            BEQ              |L0.5184|
 2823 0000140A 480A            LDR              r0,|L0.5172|
 2824 0000140C 3080            ADDS             r0,r0,#0x80
 2825 0000140E 6BC0            LDR              r0,[r0,#0x3c] ; ts
 2826 00001410 4908            LDR              r1,|L0.5172|
 2827 00001412 6DC9            LDR              r1,[r1,#0x5c] ; ts
 2828 00001414 4008            ANDS             r0,r0,r1
 2829 00001416 2800            CMP              r0,#0
 2830 00001418 D012            BEQ              |L0.5184|
 2831 0000141A 4806            LDR              r0,|L0.5172|
 2832 0000141C 3080            ADDS             r0,r0,#0x80
 2833 0000141E 6BC0            LDR              r0,[r0,#0x3c] ; ts
 2834 00001420 4904            LDR              r1,|L0.5172|
 2835 00001422 6DC9            LDR              r1,[r1,#0x5c] ; ts
 2836 00001424 4008            ANDS             r0,r0,r1
 2837 00001426 4903            LDR              r1,|L0.5172|
 2838 00001428 65C8            STR              r0,[r1,#0x5c] ; ts
 2839 0000142A 4608            MOV              r0,r1
 2840 0000142C 3080            ADDS             r0,r0,#0x80
 2841 0000142E 6BC0            LDR              r0,[r0,#0x3c] ; ts
 2842 00001430 6DC9            LDR              r1,[r1,#0x5c] ; ts
 2843 00001432 E001            B                |L0.5176|



ARM Macro Assembler    Page 50 


 2844 00001434         |L0.5172|
 2845 00001434 00000000        DCD              ||ts||
 2846 00001438         |L0.5176|
 2847 00001438 4008            ANDS             r0,r0,r1
 2848 0000143A 49A9            LDR              r1,|L0.5856|
 2849 0000143C 6588            STR              r0,[r1,#0x58] ; ts
 2850 0000143E         |L0.5182|
 2851 0000143E BDF8            POP              {r3-r7,pc}
 2852 00001440         |L0.5184|
 2853 00001440 48A7            LDR              r0,|L0.5856|
 2854 00001442 30D8            ADDS             r0,r0,#0xd8
 2855 00001444 7840            LDRB             r0,[r0,#1]
 2856 00001446 0640            LSLS             r0,r0,#25
 2857 00001448 0FC0            LSRS             r0,r0,#31
 2858 0000144A 2800            CMP              r0,#0
 2859 0000144C D007            BEQ              |L0.5214|
 2860 0000144E 48A4            LDR              r0,|L0.5856|
 2861 00001450 6DC0            LDR              r0,[r0,#0x5c] ; ts
 2862 00001452 2800            CMP              r0,#0
 2863 00001454 D103            BNE              |L0.5214|
 2864 00001456 2100            MOVS             r1,#0
 2865 00001458 48A1            LDR              r0,|L0.5856|
 2866 0000145A 30C0            ADDS             r0,r0,#0xc0
 2867 0000145C 7401            STRB             r1,[r0,#0x10]
 2868 0000145E         |L0.5214|
 2869 0000145E 2100            MOVS             r1,#0
 2870 00001460 489F            LDR              r0,|L0.5856|
 2871 00001462 3080            ADDS             r0,r0,#0x80
 2872 00001464 7401            STRB             r1,[r0,#0x10]
 2873 00001466 2400            MOVS             r4,#0
 2874 00001468 E00E            B                |L0.5256|
 2875 0000146A         |L0.5226|
 2876 0000146A 489D            LDR              r0,|L0.5856|
 2877 0000146C 6DC0            LDR              r0,[r0,#0x5c] ; ts
 2878 0000146E 2101            MOVS             r1,#1
 2879 00001470 40A1            LSLS             r1,r1,r4
 2880 00001472 4008            ANDS             r0,r0,r1
 2881 00001474 2800            CMP              r0,#0
 2882 00001476 D005            BEQ              |L0.5252|
 2883 00001478 1C60            ADDS             r0,r4,#1
 2884 0000147A B2C1            UXTB             r1,r0
 2885 0000147C 4898            LDR              r0,|L0.5856|
 2886 0000147E 3080            ADDS             r0,r0,#0x80
 2887 00001480 7401            STRB             r1,[r0,#0x10]
 2888 00001482 E006            B                |L0.5266|
 2889 00001484         |L0.5252|
 2890 00001484 1C60            ADDS             r0,r4,#1
 2891 00001486 B2C4            UXTB             r4,r0
 2892 00001488         |L0.5256|
 2893 00001488 4895            LDR              r0,|L0.5856|
 2894 0000148A 3060            ADDS             r0,r0,#0x60
 2895 0000148C 7840            LDRB             r0,[r0,#1]  ; ts
 2896 0000148E 42A0            CMP              r0,r4
 2897 00001490 DCEB            BGT              |L0.5226|
 2898 00001492         |L0.5266|
 2899 00001492 BF00            NOP
 2900 00001494 BF00            NOP
 2901 00001496 E7D2            B                |L0.5182|
 2902 00001498                 ENDP



ARM Macro Assembler    Page 51 


 2903 00001498         
 2904 00001498         Touch_Do_Task
                               PROC
 2905 00001498 B510            PUSH             {r4,lr}
 2906 0000149A 4891            LDR              r0,|L0.5856|
 2907 0000149C 7800            LDRB             r0,[r0,#0]  ; ts
 2908 0000149E 0003            MOVS             r3,r0
 2909 000014A0 F7FF FFFE       BL               __ARM_common_switch8
 2910 000014A4 08 05 0D 
              2F               DCB              0x08,0x05,0x0d,0x2f
 2911 000014A8 54 86 9E 
              E3               DCB              0x54,0x86,0x9e,0xe3
 2912 000014AC F8 F7           DCB              0xf8,0xf7
 2913 000014AE F7FF FFFE       BL               Touch_Init_Variable
 2914 000014B2 F7FF FFFE       BL               Touch_Init_Register
 2915 000014B6 2001            MOVS             r0,#1
 2916 000014B8 4989            LDR              r1,|L0.5856|
 2917 000014BA 7008            STRB             r0,[r1,#0]
 2918 000014BC E10D            B                |L0.5850|
 2919 000014BE 4889            LDR              r0,|L0.5860|
 2920 000014C0 7800            LDRB             r0,[r0,#0]  ; t_sysbit
 2921 000014C2 06C0            LSLS             r0,r0,#27
 2922 000014C4 0FC0            LSRS             r0,r0,#31
 2923 000014C6 2800            CMP              r0,#0
 2924 000014C8 D006            BEQ              |L0.5336|
 2925 000014CA 4886            LDR              r0,|L0.5860|
 2926 000014CC 7800            LDRB             r0,[r0,#0]  ; t_sysbit
 2927 000014CE 0640            LSLS             r0,r0,#25
 2928 000014D0 0FC0            LSRS             r0,r0,#31
 2929 000014D2 2800            CMP              r0,#0
 2930 000014D4 D100            BNE              |L0.5336|
 2931 000014D6 E100            B                |L0.5850|
 2932 000014D8         |L0.5336|
 2933 000014D8 F7FF FFFE       BL               Touch_Config_Mode
 2934 000014DC 4881            LDR              r0,|L0.5860|
 2935 000014DE 6800            LDR              r0,[r0,#0]  ; t_sysbit
 2936 000014E0 2102            MOVS             r1,#2
 2937 000014E2 4388            BICS             r0,r0,r1
 2938 000014E4 1C80            ADDS             r0,r0,#2
 2939 000014E6 497F            LDR              r1,|L0.5860|
 2940 000014E8 6008            STR              r0,[r1,#0]  ; t_sysbit
 2941 000014EA 487D            LDR              r0,|L0.5856|
 2942 000014EC 30C0            ADDS             r0,r0,#0xc0
 2943 000014EE 7E00            LDRB             r0,[r0,#0x18] ; ts
 2944 000014F0 2106            MOVS             r1,#6
 2945 000014F2 4388            BICS             r0,r0,r1
 2946 000014F4 497A            LDR              r1,|L0.5856|
 2947 000014F6 31C0            ADDS             r1,r1,#0xc0
 2948 000014F8 7608            STRB             r0,[r1,#0x18]
 2949 000014FA 2002            MOVS             r0,#2
 2950 000014FC 39C0            SUBS             r1,r1,#0xc0
 2951 000014FE 7008            STRB             r0,[r1,#0]
 2952 00001500 E0EB            B                |L0.5850|
 2953 00001502 4878            LDR              r0,|L0.5860|
 2954 00001504 7800            LDRB             r0,[r0,#0]  ; t_sysbit
 2955 00001506 06C0            LSLS             r0,r0,#27
 2956 00001508 0FC0            LSRS             r0,r0,#31
 2957 0000150A 2800            CMP              r0,#0
 2958 0000150C D005            BEQ              |L0.5402|



ARM Macro Assembler    Page 52 


 2959 0000150E 4875            LDR              r0,|L0.5860|
 2960 00001510 7800            LDRB             r0,[r0,#0]  ; t_sysbit
 2961 00001512 0600            LSLS             r0,r0,#24
 2962 00001514 0FC0            LSRS             r0,r0,#31
 2963 00001516 2800            CMP              r0,#0
 2964 00001518 D108            BNE              |L0.5420|
 2965 0000151A         |L0.5402|
 2966 0000151A 4971            LDR              r1,|L0.5856|
 2967 0000151C 3160            ADDS             r1,r1,#0x60
 2968 0000151E 7808            LDRB             r0,[r1,#0]  ; ts
 2969 00001520 F7FF FFFE       BL               Touch_Start_Touch
 2970 00001524 2003            MOVS             r0,#3
 2971 00001526 496E            LDR              r1,|L0.5856|
 2972 00001528 7008            STRB             r0,[r1,#0]
 2973 0000152A E00E            B                |L0.5450|
 2974 0000152C         |L0.5420|
 2975 0000152C 486D            LDR              r0,|L0.5860|
 2976 0000152E 7800            LDRB             r0,[r0,#0]  ; t_sysbit
 2977 00001530 06C0            LSLS             r0,r0,#27
 2978 00001532 0FC0            LSRS             r0,r0,#31
 2979 00001534 2800            CMP              r0,#0
 2980 00001536 D008            BEQ              |L0.5450|
 2981 00001538 486A            LDR              r0,|L0.5860|
 2982 0000153A 7800            LDRB             r0,[r0,#0]  ; t_sysbit
 2983 0000153C 0740            LSLS             r0,r0,#29
 2984 0000153E 0FC0            LSRS             r0,r0,#31
 2985 00001540 2800            CMP              r0,#0
 2986 00001542 D002            BEQ              |L0.5450|
 2987 00001544 2003            MOVS             r0,#3
 2988 00001546 4966            LDR              r1,|L0.5856|
 2989 00001548 7008            STRB             r0,[r1,#0]
 2990 0000154A         |L0.5450|
 2991 0000154A E0C6            B                |L0.5850|
 2992 0000154C 4864            LDR              r0,|L0.5856|
 2993 0000154E 30C0            ADDS             r0,r0,#0xc0
 2994 00001550 7E00            LDRB             r0,[r0,#0x18] ; ts
 2995 00001552 0740            LSLS             r0,r0,#29
 2996 00001554 0F80            LSRS             r0,r0,#30
 2997 00001556 2801            CMP              r0,#1
 2998 00001558 D111            BNE              |L0.5502|
 2999 0000155A 4861            LDR              r0,|L0.5856|
 3000 0000155C 30C0            ADDS             r0,r0,#0xc0
 3001 0000155E 7E00            LDRB             r0,[r0,#0x18] ; ts
 3002 00001560 2106            MOVS             r1,#6
 3003 00001562 4388            BICS             r0,r0,r1
 3004 00001564 495E            LDR              r1,|L0.5856|
 3005 00001566 31C0            ADDS             r1,r1,#0xc0
 3006 00001568 7608            STRB             r0,[r1,#0x18]
 3007 0000156A 485E            LDR              r0,|L0.5860|
 3008 0000156C 6800            LDR              r0,[r0,#0]  ; t_sysbit
 3009 0000156E 2104            MOVS             r1,#4
 3010 00001570 4388            BICS             r0,r0,r1
 3011 00001572 495C            LDR              r1,|L0.5860|
 3012 00001574 6008            STR              r0,[r1,#0]  ; t_sysbit
 3013 00001576 2002            MOVS             r0,#2
 3014 00001578 4959            LDR              r1,|L0.5856|
 3015 0000157A 7008            STRB             r0,[r1,#0]
 3016 0000157C E017            B                |L0.5550|
 3017 0000157E         |L0.5502|



ARM Macro Assembler    Page 53 


 3018 0000157E 4858            LDR              r0,|L0.5856|
 3019 00001580 30C0            ADDS             r0,r0,#0xc0
 3020 00001582 7E00            LDRB             r0,[r0,#0x18] ; ts
 3021 00001584 0740            LSLS             r0,r0,#29
 3022 00001586 0F80            LSRS             r0,r0,#30
 3023 00001588 2802            CMP              r0,#2
 3024 0000158A D110            BNE              |L0.5550|
 3025 0000158C 4854            LDR              r0,|L0.5856|
 3026 0000158E 30C0            ADDS             r0,r0,#0xc0
 3027 00001590 7E00            LDRB             r0,[r0,#0x18] ; ts
 3028 00001592 2106            MOVS             r1,#6
 3029 00001594 4388            BICS             r0,r0,r1
 3030 00001596 4952            LDR              r1,|L0.5856|
 3031 00001598 31C0            ADDS             r1,r1,#0xc0
 3032 0000159A 7608            STRB             r0,[r1,#0x18]
 3033 0000159C 4851            LDR              r0,|L0.5860|
 3034 0000159E 6800            LDR              r0,[r0,#0]  ; t_sysbit
 3035 000015A0 2104            MOVS             r1,#4
 3036 000015A2 4388            BICS             r0,r0,r1
 3037 000015A4 494F            LDR              r1,|L0.5860|
 3038 000015A6 6008            STR              r0,[r1,#0]  ; t_sysbit
 3039 000015A8 2004            MOVS             r0,#4
 3040 000015AA 494D            LDR              r1,|L0.5856|
 3041 000015AC 7008            STRB             r0,[r1,#0]
 3042 000015AE         |L0.5550|
 3043 000015AE E094            B                |L0.5850|
 3044 000015B0 484B            LDR              r0,|L0.5856|
 3045 000015B2 30C0            ADDS             r0,r0,#0xc0
 3046 000015B4 7E00            LDRB             r0,[r0,#0x18] ; ts
 3047 000015B6 07C0            LSLS             r0,r0,#31
 3048 000015B8 0FC0            LSRS             r0,r0,#31
 3049 000015BA 2800            CMP              r0,#0
 3050 000015BC D10C            BNE              |L0.5592|
 3051 000015BE F7FF FFFE       BL               Touch_Init_Base
 3052 000015C2 4847            LDR              r0,|L0.5856|
 3053 000015C4 30C0            ADDS             r0,r0,#0xc0
 3054 000015C6 7E00            LDRB             r0,[r0,#0x18] ; ts
 3055 000015C8 07C0            LSLS             r0,r0,#31
 3056 000015CA 0FC0            LSRS             r0,r0,#31
 3057 000015CC 2800            CMP              r0,#0
 3058 000015CE D106            BNE              |L0.5598|
 3059 000015D0 2002            MOVS             r0,#2
 3060 000015D2 4943            LDR              r1,|L0.5856|
 3061 000015D4 7008            STRB             r0,[r1,#0]
 3062 000015D6 E002            B                |L0.5598|
 3063 000015D8         |L0.5592|
 3064 000015D8 2005            MOVS             r0,#5
 3065 000015DA 4941            LDR              r1,|L0.5856|
 3066 000015DC 7008            STRB             r0,[r1,#0]
 3067 000015DE         |L0.5598|
 3068 000015DE E07C            B                |L0.5850|
 3069 000015E0 F7FF FFFE       BL               Touch_Ref_Compen
 3070 000015E4 483E            LDR              r0,|L0.5856|
 3071 000015E6 30D8            ADDS             r0,r0,#0xd8
 3072 000015E8 7880            LDRB             r0,[r0,#2]
 3073 000015EA 07C0            LSLS             r0,r0,#31
 3074 000015EC 0FC0            LSRS             r0,r0,#31
 3075 000015EE 2800            CMP              r0,#0
 3076 000015F0 D003            BEQ              |L0.5626|



ARM Macro Assembler    Page 54 


 3077 000015F2 483D            LDR              r0,|L0.5864|
 3078 000015F4 6800            LDR              r0,[r0,#0]  ; func_p_user_filte
                                                            r_onesensingdata
 3079 000015F6 4780            BLX              r0
 3080 000015F8 E01B            B                |L0.5682|
 3081 000015FA         |L0.5626|
 3082 000015FA 2000            MOVS             r0,#0
 3083 000015FC E013            B                |L0.5670|
 3084 000015FE         |L0.5630|
 3085 000015FE 4938            LDR              r1,|L0.5856|
 3086 00001600 6A89            LDR              r1,[r1,#0x28] ; ts
 3087 00001602 00C2            LSLS             r2,r0,#3
 3088 00001604 5889            LDR              r1,[r1,r2]
 3089 00001606 4A36            LDR              r2,|L0.5856|
 3090 00001608 6AD2            LDR              r2,[r2,#0x2c] ; ts
 3091 0000160A 00C3            LSLS             r3,r0,#3
 3092 0000160C 50D1            STR              r1,[r2,r3]
 3093 0000160E 4934            LDR              r1,|L0.5856|
 3094 00001610 6A89            LDR              r1,[r1,#0x28] ; ts
 3095 00001612 00C2            LSLS             r2,r0,#3
 3096 00001614 1889            ADDS             r1,r1,r2
 3097 00001616 6849            LDR              r1,[r1,#4]
 3098 00001618 4A31            LDR              r2,|L0.5856|
 3099 0000161A 6AD2            LDR              r2,[r2,#0x2c] ; ts
 3100 0000161C 00C3            LSLS             r3,r0,#3
 3101 0000161E 18D2            ADDS             r2,r2,r3
 3102 00001620 6051            STR              r1,[r2,#4]
 3103 00001622 1C41            ADDS             r1,r0,#1
 3104 00001624 B2C8            UXTB             r0,r1
 3105 00001626         |L0.5670|
 3106 00001626 492E            LDR              r1,|L0.5856|
 3107 00001628 3160            ADDS             r1,r1,#0x60
 3108 0000162A 7849            LDRB             r1,[r1,#1]  ; ts
 3109 0000162C 4281            CMP              r1,r0
 3110 0000162E DCE6            BGT              |L0.5630|
 3111 00001630 BF00            NOP
 3112 00001632         |L0.5682|
 3113 00001632 F7FF FFFE       BL               Touch_Make_Data
 3114 00001636 482A            LDR              r0,|L0.5856|
 3115 00001638 30D8            ADDS             r0,r0,#0xd8
 3116 0000163A 7880            LDRB             r0,[r0,#2]
 3117 0000163C 0780            LSLS             r0,r0,#30
 3118 0000163E 0FC0            LSRS             r0,r0,#31
 3119 00001640 2800            CMP              r0,#0
 3120 00001642 D003            BEQ              |L0.5708|
 3121 00001644 4829            LDR              r0,|L0.5868|
 3122 00001646 6800            LDR              r0,[r0,#0]  ; func_p_user_filte
                                                            r_diffdata
 3123 00001648 4780            BLX              r0
 3124 0000164A E003            B                |L0.5716|
 3125 0000164C         |L0.5708|
 3126 0000164C 4824            LDR              r0,|L0.5856|
 3127 0000164E 6BC0            LDR              r0,[r0,#0x3c] ; ts
 3128 00001650 4923            LDR              r1,|L0.5856|
 3129 00001652 6408            STR              r0,[r1,#0x40] ; ts
 3130 00001654         |L0.5716|
 3131 00001654 4823            LDR              r0,|L0.5860|
 3132 00001656 6800            LDR              r0,[r0,#0]  ; t_sysbit
 3133 00001658 2108            MOVS             r1,#8



ARM Macro Assembler    Page 55 


 3134 0000165A 4388            BICS             r0,r0,r1
 3135 0000165C 3008            ADDS             r0,r0,#8
 3136 0000165E 4921            LDR              r1,|L0.5860|
 3137 00001660 6008            STR              r0,[r1,#0]  ; t_sysbit
 3138 00001662 2006            MOVS             r0,#6
 3139 00001664 491E            LDR              r1,|L0.5856|
 3140 00001666 7008            STRB             r0,[r1,#0]
 3141 00001668 E037            B                |L0.5850|
 3142 0000166A F7FF FFFE       BL               Touch_Disicion_Key
 3143 0000166E 481C            LDR              r0,|L0.5856|
 3144 00001670 30D8            ADDS             r0,r0,#0xd8
 3145 00001672 7840            LDRB             r0,[r0,#1]
 3146 00001674 06C0            LSLS             r0,r0,#27
 3147 00001676 0FC0            LSRS             r0,r0,#31
 3148 00001678 2800            CMP              r0,#0
 3149 0000167A D010            BEQ              |L0.5790|
 3150 0000167C 4818            LDR              r0,|L0.5856|
 3151 0000167E 3080            ADDS             r0,r0,#0x80
 3152 00001680 6D41            LDR              r1,[r0,#0x54] ; ts
 3153 00001682 3040            ADDS             r0,r0,#0x40
 3154 00001684 7900            LDRB             r0,[r0,#4]  ; ts
 3155 00001686 4281            CMP              r1,r0
 3156 00001688 D305            BCC              |L0.5782|
 3157 0000168A 2008            MOVS             r0,#8
 3158 0000168C 4914            LDR              r1,|L0.5856|
 3159 0000168E 7008            STRB             r0,[r1,#0]
 3160 00001690 E008            B                |L0.5796|
 3161 00001692 E00E            B                |L0.5810|
 3162 00001694 E007            B                |L0.5798|
 3163 00001696         |L0.5782|
 3164 00001696 2007            MOVS             r0,#7
 3165 00001698 4911            LDR              r1,|L0.5856|
 3166 0000169A 7008            STRB             r0,[r1,#0]
 3167 0000169C E002            B                |L0.5796|
 3168 0000169E         |L0.5790|
 3169 0000169E 2007            MOVS             r0,#7
 3170 000016A0 490F            LDR              r1,|L0.5856|
 3171 000016A2 7008            STRB             r0,[r1,#0]
 3172 000016A4         |L0.5796|
 3173 000016A4 E019            B                |L0.5850|
 3174 000016A6         |L0.5798|
 3175 000016A6 F7FF FFFE       BL               Touch_Update_Base
 3176 000016AA 2002            MOVS             r0,#2
 3177 000016AC 490C            LDR              r1,|L0.5856|
 3178 000016AE 7008            STRB             r0,[r1,#0]
 3179 000016B0 E013            B                |L0.5850|
 3180 000016B2         |L0.5810|
 3181 000016B2 2000            MOVS             r0,#0
 3182 000016B4 490A            LDR              r1,|L0.5856|
 3183 000016B6 7008            STRB             r0,[r1,#0]
 3184 000016B8 4608            MOV              r0,r1
 3185 000016BA 30D8            ADDS             r0,r0,#0xd8
 3186 000016BC 7840            LDRB             r0,[r0,#1]
 3187 000016BE 06C0            LSLS             r0,r0,#27
 3188 000016C0 0FC0            LSRS             r0,r0,#31
 3189 000016C2 2800            CMP              r0,#0
 3190 000016C4 D008            BEQ              |L0.5848|
 3191 000016C6 4608            MOV              r0,r1
 3192 000016C8 3080            ADDS             r0,r0,#0x80



ARM Macro Assembler    Page 56 


 3193 000016CA 6B40            LDR              r0,[r0,#0x34] ; ts
 3194 000016CC 1C40            ADDS             r0,r0,#1
 3195 000016CE 3180            ADDS             r1,r1,#0x80
 3196 000016D0 6348            STR              r0,[r1,#0x34] ; ts
 3197 000016D2 201D            MOVS             r0,#0x1d
 3198 000016D4 F7FF FFFE       BL               __NVIC_DisableIRQ
 3199 000016D8         |L0.5848|
 3200 000016D8 BF00            NOP
 3201 000016DA         |L0.5850|
 3202 000016DA BF00            NOP
 3203 000016DC BD10            POP              {r4,pc}
 3204 000016DE                 ENDP
 3205 000016DE         
 3206 000016DE 00 00           DCW              0x0000
 3207 000016E0         |L0.5856|
 3208 000016E0 00000000        DCD              ||ts||
 3209 000016E4         |L0.5860|
 3210 000016E4 00000000        DCD              t_sysbit
 3211 000016E8         |L0.5864|
 3212 000016E8 00000000        DCD              func_p_user_filter_onesensingda
ta
 3213 000016EC         |L0.5868|
 3214 000016EC 00000000        DCD              func_p_user_filter_diffdata
 3215 000016F0         
 3216 000016F0                 AREA             ||.arm_vfe_header||, DATA, READ
ONLY, NOALLOC, ALIGN=2
 3217 00000000         
 3218 00000000 00000000        DCD              0x00000000
 3219 00000004         
 3220 00000004                 AREA             ||.bss||, DATA, NOINIT, ALIGN=2
 3221 00000000         
 3222 00000000         ||ts||
 3223 00000000                 %                220
 3224 000000DC         ts_reg
 3225 000000DC                 %                172
 3226 00000188         
 3227 00000188                 AREA             ||.data||, DATA, ALIGN=2
 3228 00000000         
 3229 00000000         func_p_user_filter_onesensingdata
 3230 00000000 00000000        DCD              0x00000000
 3231 00000004         func_p_user_filter_diffdata
 3232 00000004 00000000        DCD              0x00000000
 3233 00000008         key_channel_map
 3234 00000008 00000002        DCD              0x00000002
 3235 0000000C 00000010        DCD              0x00000010
 3236 00000010 00000080        DCD              0x00000080
 3237 00000014 00000400        DCD              0x00000400
 3238 00000018 00002000        DCD              0x00002000
 3239 0000001C 00010000        DCD              0x00010000
 3240 00000020 00080000        DCD              0x00080000
 3241 00000024 00000000        DCD              0x00000000
 3242 00000028 00000000        DCD              0x00000000
 3243 0000002C 00000000        DCD              0x00000000
 3244 00000030 00000000        DCD              0x00000000
 3245 00000034 00000000        DCD              0x00000000
 3246 00000038 00000000        DCD              0x00000000
 3247 0000003C 00000000        DCD              0x00000000
 3248 00000040 00000000        DCD              0x00000000
 3249 00000044 00000000        DCD              0x00000000



ARM Macro Assembler    Page 57 


 3250 00000048 00000000        DCD              0x00000000
 3251 0000004C 00000000        DCD              0x00000000
 3252 00000050 00000000        DCD              0x00000000
 3253 00000054 00000000        DCD              0x00000000
 3254 00000058 00000000        DCD              0x00000000
 3255 0000005C 00000000        DCD              0x00000000
 3256 00000060 00000000        DCD              0x00000000
 3257 00000064 00000000        DCD              0x00000000
 3258 00000068         ref_channel_gain
 3259 00000068 00000064        DCD              0x00000064
 3260 0000006C 00000064        DCD              0x00000064
 3261 00000070 00000064        DCD              0x00000064
 3262 00000074 00000064        DCD              0x00000064
 3263 00000078 00000064        DCD              0x00000064
 3264 0000007C 00000064        DCD              0x00000064
 3265 00000080 00000064        DCD              0x00000064
 3266 00000084 00000064        DCD              0x00000064
 3267 00000088 00000064        DCD              0x00000064
 3268 0000008C 00000064        DCD              0x00000064
 3269 00000090 00000064        DCD              0x00000064
 3270 00000094 00000064        DCD              0x00000064
 3271 00000098 00000064        DCD              0x00000064
 3272 0000009C 00000064        DCD              0x00000064
 3273 000000A0 00000064        DCD              0x00000064
 3274 000000A4 00000064        DCD              0x00000064
 3275 000000A8 00000064        DCD              0x00000064
 3276 000000AC 00000064        DCD              0x00000064
 3277 000000B0 00000064        DCD              0x00000064
 3278 000000B4 00000064        DCD              0x00000064
 3279 000000B8 00000064        DCD              0x00000064
 3280 000000BC 00000064        DCD              0x00000064
 3281 000000C0 00000064        DCD              0x00000064
 3282 000000C4 00000064        DCD              0x00000064
 3283 000000C8         
 3284 000000C8                 AREA             ||i.__ARM_common_switch8||, COM
GROUP=__ARM_common_switch8, CODE, READONLY, ALIGN=1
 3285 00000000         
 3286 00000000         __ARM_common_switch8
                               PROC
 3287 00000000 B430            PUSH             {r4,r5}
 3288 00000002 4674            MOV              r4,lr
 3289 00000004 1E64            SUBS             r4,r4,#1
 3290 00000006 7825            LDRB             r5,[r4,#0]
 3291 00000008 1C64            ADDS             r4,r4,#1
 3292 0000000A 42AB            CMP              r3,r5
 3293 0000000C D304            BCC              |L15.24|
 3294 0000000E         |L15.14|
 3295 0000000E 5D63            LDRB             r3,[r4,r5]
 3296 00000010 005B            LSLS             r3,r3,#1
 3297 00000012 18E3            ADDS             r3,r4,r3
 3298 00000014 BC30            POP              {r4,r5}
 3299 00000016 4718            BX               r3
 3300 00000018         |L15.24|
 3301 00000018 461D            MOV              r5,r3
 3302 0000001A E7F8            B                |L15.14|
 3303 0000001C                 ENDP
 3304 0000001C         
 3305 0000001C         
 3306 0000001C         ;*** Start embedded assembler ***



ARM Macro Assembler    Page 58 


 3307 0000001C         
 3308 0000001C         #line   1                "..\\..\\code_lib\\touch.c"
    1 0000001C                 AREA             ||.rev16_text||, CODE
    2 00000000                 THUMB
    3 00000000                 EXPORT           |__asm___7_touch_c_95667e3c____
REV16|
    4 00000000         #line   492              "..\\..\\..\\..\\..\\core\\cmsi
s\\include\\cmsis_armcc.h"
  492 00000000         |__asm___7_touch_c_95667e3c____REV16|
                               PROC
  493 00000000         #line   493
  493 00000000         
  494 00000000 BA40            rev16            r0, r0
  495 00000002 4770            bx               lr
  496 00000004                 ENDP
  497 00000004                 AREA             ||.revsh_text||, CODE
  498 00000000                 THUMB
  499 00000000                 EXPORT           |__asm___7_touch_c_95667e3c____
REVSH|
  500 00000000         #line   507
  507 00000000         |__asm___7_touch_c_95667e3c____REVSH|
                               PROC
  508 00000000         #line   508
  508 00000000         
  509 00000000 BAC0            revsh            r0, r0
  510 00000002 4770            bx               lr
  511 00000004                 ENDP
  512 00000004         
  513 00000004         ;*** End   embedded assembler ***
  514 00000004         
  515 00000004                 EXPORT           TOUCH_IRQHandler [CODE]
  516 00000004                 EXPORT           Touch_Set_Mode [CODE]
  517 00000004                 EXPORT           Touch_Set_Shield [CODE]
  518 00000004                 EXPORT           Touch_Set_Sum_Count [CODE]
  519 00000004                 EXPORT           Touch_Set_Common_THD [CODE]
  520 00000004                 EXPORT           Touch_Set_CH_THD [CODE]
  521 00000004                 EXPORT           Touch_Set_Common_POS_noise_THD 
[CODE]
  522 00000004                 EXPORT           Touch_Set_CH_POS_noise_THD [COD
E]
  523 00000004                 EXPORT           Touch_Set_Group_CH [CODE]
  524 00000004                 EXPORT           Touch_Set_NoiseTHD_Rate [CODE]
  525 00000004                 EXPORT           Touch_Set_BaseHold_Rate [CODE]
  526 00000004                 EXPORT           Touch_Set_Base_Tracking [CODE]
  527 00000004                 EXPORT           Touch_Set_Hold_Key_Release_Time
 [CODE]
  528 00000004                 EXPORT           Touch_Set_Single_Key_Press_limi
t [CODE]
  529 00000004                 EXPORT           Touch_Set_Release_Rate [CODE]
  530 00000004                 EXPORT           Touch_Set_Reverse_Rate [CODE]
  531 00000004                 EXPORT           Touch_Set_Reverse_Time [CODE]
  532 00000004                 EXPORT           Touch_Set_Debounce [CODE]
  533 00000004                 EXPORT           Touch_Set_IIR [CODE]
  534 00000004                 EXPORT           Touch_Set_Init_Delay [CODE]
  535 00000004                 EXPORT           Touch_Set_Inact_Port [CODE]
  536 00000004                 EXPORT           Touch_Set_Frequency [CODE]
  537 00000004                 EXPORT           Touch_Set_Comp_RefV [CODE]
  538 00000004                 EXPORT           Touch_Set_VHS [CODE]
  539 00000004                 EXPORT           Touch_Set_Freq_Shift [CODE]



ARM Macro Assembler    Page 59 


  540 00000004                 EXPORT           Touch_Set_Common_Serial_Registe
r [CODE]
  541 00000004                 EXPORT           Touch_Set_CH_Serial_Register [C
ODE]
  542 00000004                 EXPORT           Touch_Get_Key [CODE]
  543 00000004                 EXPORT           Touch_Init_Variable [CODE]
  544 00000004                 EXPORT           Touch_Init_Register [CODE]
  545 00000004                 EXPORT           Touch_Get_Single_CH [CODE]
  546 00000004                 EXPORT           Touch_Start_Touch [CODE]
  547 00000004                 EXPORT           Touch_Config_Mode [CODE]
  548 00000004                 EXPORT           Touch_Init_Base [CODE]
  549 00000004                 EXPORT           Touch_Update_Base [CODE]
  550 00000004                 EXPORT           Touch_Ref_Compen [CODE]
  551 00000004                 EXPORT           Touch_Make_Data [CODE]
  552 00000004                 EXPORT           Touch_Disicion_Key [CODE]
  553 00000004                 EXPORT           Touch_Do_Task [CODE]
  554 00000004                 EXPORT           ||ts|| [DATA,SIZE=220]
  555 00000004                 EXPORT           ts_reg [DATA,SIZE=172]
  556 00000004                 EXPORT           func_p_user_filter_onesensingda
ta [DATA,SIZE=4]
  557 00000004                 EXPORT           func_p_user_filter_diffdata [DA
TA,SIZE=4]
  558 00000004                 EXPORT           key_channel_map [DATA,SIZE=96]
  559 00000004                 EXPORT           ref_channel_gain [DATA,SIZE=96]
  560 00000004                 EXPORT           __ARM_common_switch8 [CODE]
  561 00000004         
  562 00000004                 IMPORT           ||Lib$$Request$$armlib|| [CODE,
WEAK]
  563 00000004                 IMPORT           t_sysbit [DATA]
  564 00000004                 IMPORT           HAL_GPIO_SetFunction [CODE]
  565 00000004                 IMPORT           HAL_GPIO_SetMode [CODE]
  566 00000004                 IMPORT           __aeabi_uidivmod [CODE]
  567 00000004                 IMPORT           UT_Get_Status [CODE]
  568 00000004                 IMPORT           UT_Is_Expired [CODE]
  569 00000004                 IMPORT           UT_Set_Timer [CODE]
  570 00000004                 IMPORT           __aeabi_idivmod [CODE]
  571 00000004                 IMPORT           UT_Clear_Timer [CODE]
  572 00000004         
  573 00000004                 KEEP             __NVIC_DisableIRQ
  574 00000004         
  575 00000004                 ATTR             FILESCOPE
  576 00000004                 ATTR             SETVALUE Tag_ABI_PCS_wchar_t,2
  577 00000004                 ATTR             SETVALUE Tag_ABI_enum_size,1
  578 00000004                 ATTR             SETVALUE Tag_ABI_optimization_g
oals,6
  579 00000004                 ATTR             SETSTRING Tag_conformance,"2.09
"
  580 00000004                 ATTR             SETVALUE AV,18,1
  581 00000004         
  582 00000004                 ASSERT           {ENDIAN} = "little"
  583 00000004                 ASSERT           {INTER} = {TRUE}
  584 00000004                 ASSERT           {ROPI} = {FALSE}
  585 00000004                 ASSERT           {RWPI} = {FALSE}
  586 00000004                 ASSERT           {IEEE_FULL} = {FALSE}
  587 00000004                 ASSERT           {IEEE_PART} = {FALSE}
  588 00000004                 ASSERT           {IEEE_JAVA} = {FALSE}
  589 00000004                 END
Command Line: --debug --xref --diag_suppress=9931 --cpu=Cortex-M0+ --apcs=inter
work -o.\objects\touch.o -I.\RTE\_A31T21X -IC:\Keil_v5\ARM\PACK\ARM\CMSIS\5.4.0



ARM Macro Assembler    Page 60 


\Device\ARM\ARMCM0plus\Include -IC:\Keil_v5\ARM\CMSIS\Include --predefine="__UV
ISION_VERSION SETA 526" --predefine="ARMCM0P SETA 1" --list=.\listings\touch.ls
t .\objects\touch.s



ARM Macro Assembler    Page 1 Alphabetic symbol ordering
Relocatable symbols

L0.1008 000003F0

Symbol: L0.1008
   Definitions
      At line 611 in file .\objects\touch.s
   Uses
      At line 16 in file .\objects\touch.s
Comment: L0.1008 used once
L0.1012 000003F4

Symbol: L0.1012
   Definitions
      At line 613 in file .\objects\touch.s
   Uses
      At line 38 in file .\objects\touch.s
Comment: L0.1012 used once
L0.1016 000003F8

Symbol: L0.1016
   Definitions
      At line 615 in file .\objects\touch.s
   Uses
      At line 44 in file .\objects\touch.s
      At line 59 in file .\objects\touch.s
      At line 65 in file .\objects\touch.s
      At line 68 in file .\objects\touch.s
      At line 72 in file .\objects\touch.s
      At line 143 in file .\objects\touch.s
      At line 200 in file .\objects\touch.s
      At line 207 in file .\objects\touch.s
      At line 213 in file .\objects\touch.s
      At line 217 in file .\objects\touch.s
      At line 226 in file .\objects\touch.s
      At line 235 in file .\objects\touch.s
      At line 241 in file .\objects\touch.s
      At line 245 in file .\objects\touch.s
      At line 292 in file .\objects\touch.s
      At line 298 in file .\objects\touch.s
      At line 312 in file .\objects\touch.s
      At line 317 in file .\objects\touch.s
      At line 324 in file .\objects\touch.s
      At line 335 in file .\objects\touch.s
      At line 341 in file .\objects\touch.s
      At line 346 in file .\objects\touch.s
      At line 352 in file .\objects\touch.s
      At line 360 in file .\objects\touch.s

L0.1020 000003FC

Symbol: L0.1020
   Definitions
      At line 617 in file .\objects\touch.s
   Uses
      At line 50 in file .\objects\touch.s
      At line 55 in file .\objects\touch.s
      At line 77 in file .\objects\touch.s
      At line 82 in file .\objects\touch.s
      At line 90 in file .\objects\touch.s
      At line 100 in file .\objects\touch.s



ARM Macro Assembler    Page 2 Alphabetic symbol ordering
Relocatable symbols

      At line 105 in file .\objects\touch.s
      At line 110 in file .\objects\touch.s
      At line 120 in file .\objects\touch.s
      At line 133 in file .\objects\touch.s
      At line 145 in file .\objects\touch.s
      At line 150 in file .\objects\touch.s
      At line 156 in file .\objects\touch.s
      At line 161 in file .\objects\touch.s
      At line 164 in file .\objects\touch.s
      At line 172 in file .\objects\touch.s
      At line 178 in file .\objects\touch.s
      At line 183 in file .\objects\touch.s
      At line 188 in file .\objects\touch.s
      At line 191 in file .\objects\touch.s
      At line 203 in file .\objects\touch.s
      At line 220 in file .\objects\touch.s
      At line 229 in file .\objects\touch.s
      At line 253 in file .\objects\touch.s
      At line 263 in file .\objects\touch.s
      At line 267 in file .\objects\touch.s
      At line 273 in file .\objects\touch.s
      At line 282 in file .\objects\touch.s
      At line 287 in file .\objects\touch.s
      At line 327 in file .\objects\touch.s
      At line 332 in file .\objects\touch.s
      At line 371 in file .\objects\touch.s
      At line 379 in file .\objects\touch.s
      At line 388 in file .\objects\touch.s
      At line 406 in file .\objects\touch.s
      At line 414 in file .\objects\touch.s
      At line 428 in file .\objects\touch.s
      At line 437 in file .\objects\touch.s
      At line 445 in file .\objects\touch.s
      At line 452 in file .\objects\touch.s
      At line 459 in file .\objects\touch.s
      At line 468 in file .\objects\touch.s
      At line 479 in file .\objects\touch.s
      At line 485 in file .\objects\touch.s
      At line 492 in file .\objects\touch.s
      At line 499 in file .\objects\touch.s
      At line 506 in file .\objects\touch.s
      At line 514 in file .\objects\touch.s
      At line 521 in file .\objects\touch.s
      At line 530 in file .\objects\touch.s
      At line 536 in file .\objects\touch.s
      At line 544 in file .\objects\touch.s
      At line 556 in file .\objects\touch.s
      At line 568 in file .\objects\touch.s
      At line 577 in file .\objects\touch.s
      At line 584 in file .\objects\touch.s
      At line 598 in file .\objects\touch.s
      At line 604 in file .\objects\touch.s

L0.1024 00000400

Symbol: L0.1024
   Definitions
      At line 619 in file .\objects\touch.s
   Uses



ARM Macro Assembler    Page 3 Alphabetic symbol ordering
Relocatable symbols

      At line 87 in file .\objects\touch.s
      At line 97 in file .\objects\touch.s
      At line 117 in file .\objects\touch.s
      At line 130 in file .\objects\touch.s

L0.1028 00000404

Symbol: L0.1028
   Definitions
      At line 621 in file .\objects\touch.s
   Uses
      At line 398 in file .\objects\touch.s
      At line 423 in file .\objects\touch.s

L0.1084 0000043C

Symbol: L0.1084
   Definitions
      At line 658 in file .\objects\touch.s
   Uses
      At line 673 in file .\objects\touch.s
Comment: L0.1084 used once
L0.1102 0000044E

Symbol: L0.1102
   Definitions
      At line 668 in file .\objects\touch.s
   Uses
      At line 657 in file .\objects\touch.s
Comment: L0.1102 used once
L0.1156 00000484

Symbol: L0.1156
   Definitions
      At line 696 in file .\objects\touch.s
   Uses
      At line 713 in file .\objects\touch.s
Comment: L0.1156 used once
L0.1178 0000049A

Symbol: L0.1178
   Definitions
      At line 708 in file .\objects\touch.s
   Uses
      At line 703 in file .\objects\touch.s
Comment: L0.1178 used once
L0.1182 0000049E

Symbol: L0.1182
   Definitions
      At line 711 in file .\objects\touch.s
   Uses
      At line 695 in file .\objects\touch.s
Comment: L0.1182 used once
L0.1186 000004A2

Symbol: L0.1186
   Definitions
      At line 714 in file .\objects\touch.s



ARM Macro Assembler    Page 4 Alphabetic symbol ordering
Relocatable symbols

   Uses
      At line 707 in file .\objects\touch.s
Comment: L0.1186 used once
L0.1188 000004A4

Symbol: L0.1188
   Definitions
      At line 716 in file .\objects\touch.s
   Uses
      At line 693 in file .\objects\touch.s
Comment: L0.1188 used once
L0.1192 000004A8

Symbol: L0.1192
   Definitions
      At line 719 in file .\objects\touch.s
   Uses
      At line 750 in file .\objects\touch.s
Comment: L0.1192 used once
L0.1196 000004AC

Symbol: L0.1196
   Definitions
      At line 722 in file .\objects\touch.s
   Uses
      At line 740 in file .\objects\touch.s
Comment: L0.1196 used once
L0.1220 000004C4

Symbol: L0.1220
   Definitions
      At line 735 in file .\objects\touch.s
   Uses
      At line 730 in file .\objects\touch.s
Comment: L0.1220 used once
L0.1224 000004C8

Symbol: L0.1224
   Definitions
      At line 738 in file .\objects\touch.s
   Uses
      At line 721 in file .\objects\touch.s
Comment: L0.1224 used once
L0.1228 000004CC

Symbol: L0.1228
   Definitions
      At line 741 in file .\objects\touch.s
   Uses
      At line 734 in file .\objects\touch.s
Comment: L0.1228 used once
L0.1234 000004D2

Symbol: L0.1234
   Definitions
      At line 745 in file .\objects\touch.s
   Uses
      At line 718 in file .\objects\touch.s
Comment: L0.1234 used once



ARM Macro Assembler    Page 5 Alphabetic symbol ordering
Relocatable symbols

L0.126 0000007E

Symbol: L0.126
   Definitions
      At line 74 in file .\objects\touch.s
   Uses
      At line 249 in file .\objects\touch.s
Comment: L0.126 used once
L0.128 00000080

Symbol: L0.128
   Definitions
      At line 76 in file .\objects\touch.s
   Uses
      At line 43 in file .\objects\touch.s
      At line 49 in file .\objects\touch.s

L0.1310 0000051E

Symbol: L0.1310
   Definitions
      At line 787 in file .\objects\touch.s
   Uses
      At line 777 in file .\objects\touch.s
Comment: L0.1310 used once
L0.1394 00000572

Symbol: L0.1394
   Definitions
      At line 830 in file .\objects\touch.s
   Uses
      At line 871 in file .\objects\touch.s
Comment: L0.1394 used once
L0.1402 0000057A

Symbol: L0.1402
   Definitions
      At line 835 in file .\objects\touch.s
   Uses
      At line 832 in file .\objects\touch.s
Comment: L0.1402 used once
L0.1440 000005A0

Symbol: L0.1440
   Definitions
      At line 855 in file .\objects\touch.s
   Uses
      At line 834 in file .\objects\touch.s
Comment: L0.1440 used once
L0.1460 000005B4

Symbol: L0.1460
   Definitions
      At line 866 in file .\objects\touch.s
   Uses
      At line 854 in file .\objects\touch.s
Comment: L0.1460 used once
L0.1464 000005B8




ARM Macro Assembler    Page 6 Alphabetic symbol ordering
Relocatable symbols

Symbol: L0.1464
   Definitions
      At line 869 in file .\objects\touch.s
   Uses
      At line 829 in file .\objects\touch.s
Comment: L0.1464 used once
L0.1504 000005E0

Symbol: L0.1504
   Definitions
      At line 893 in file .\objects\touch.s
   Uses
      At line 899 in file .\objects\touch.s
Comment: L0.1504 used once
L0.1646 0000066E

Symbol: L0.1646
   Definitions
      At line 968 in file .\objects\touch.s
   Uses
      At line 961 in file .\objects\touch.s
Comment: L0.1646 used once
L0.1676 0000068C

Symbol: L0.1676
   Definitions
      At line 984 in file .\objects\touch.s
   Uses
      At line 977 in file .\objects\touch.s
Comment: L0.1676 used once
L0.1704 000006A8

Symbol: L0.1704
   Definitions
      At line 999 in file .\objects\touch.s
   Uses
      At line 988 in file .\objects\touch.s
Comment: L0.1704 used once
L0.1720 000006B8

Symbol: L0.1720
   Definitions
      At line 1011 in file .\objects\touch.s
   Uses
      At line 1021 in file .\objects\touch.s
Comment: L0.1720 used once
L0.1734 000006C6

Symbol: L0.1734
   Definitions
      At line 1019 in file .\objects\touch.s
   Uses
      At line 1010 in file .\objects\touch.s
Comment: L0.1734 used once
L0.1768 000006E8

Symbol: L0.1768
   Definitions
      At line 1037 in file .\objects\touch.s



ARM Macro Assembler    Page 7 Alphabetic symbol ordering
Relocatable symbols

   Uses
      At line 1068 in file .\objects\touch.s
Comment: L0.1768 used once
L0.1792 00000700

Symbol: L0.1792
   Definitions
      At line 1050 in file .\objects\touch.s
   Uses
      At line 1043 in file .\objects\touch.s
Comment: L0.1792 used once
L0.1818 0000071A

Symbol: L0.1818
   Definitions
      At line 1063 in file .\objects\touch.s
   Uses
      At line 1036 in file .\objects\touch.s
Comment: L0.1818 used once
L0.1832 00000728

Symbol: L0.1832
   Definitions
      At line 1071 in file .\objects\touch.s
   Uses
      At line 1088 in file .\objects\touch.s
Comment: L0.1832 used once
L0.1854 0000073E

Symbol: L0.1854
   Definitions
      At line 1083 in file .\objects\touch.s
   Uses
      At line 1070 in file .\objects\touch.s
Comment: L0.1854 used once
L0.1884 0000075C

Symbol: L0.1884
   Definitions
      At line 1099 in file .\objects\touch.s
   Uses
      At line 1158 in file .\objects\touch.s
Comment: L0.1884 used once
L0.1888 00000760

Symbol: L0.1888
   Definitions
      At line 1102 in file .\objects\touch.s
   Uses
      At line 1155 in file .\objects\touch.s
Comment: L0.1888 used once
L0.192 000000C0

Symbol: L0.192
   Definitions
      At line 109 in file .\objects\touch.s
   Uses
      At line 81 in file .\objects\touch.s
Comment: L0.192 used once



ARM Macro Assembler    Page 8 Alphabetic symbol ordering
Relocatable symbols

L0.1946 0000079A

Symbol: L0.1946
   Definitions
      At line 1131 in file .\objects\touch.s
   Uses
      At line 1114 in file .\objects\touch.s
Comment: L0.1946 used once
L0.1976 000007B8

Symbol: L0.1976
   Definitions
      At line 1147 in file .\objects\touch.s
   Uses
      At line 1130 in file .\objects\touch.s
Comment: L0.1976 used once
L0.1980 000007BC

Symbol: L0.1980
   Definitions
      At line 1150 in file .\objects\touch.s
   Uses
      At line 1101 in file .\objects\touch.s
Comment: L0.1980 used once
L0.2016 000007E0

Symbol: L0.2016
   Definitions
      At line 1169 in file .\objects\touch.s
   Uses
      At line 1034 in file .\objects\touch.s
Comment: L0.2016 used once
L0.2018 000007E2

Symbol: L0.2018
   Definitions
      At line 1171 in file .\objects\touch.s
   Uses
      At line 1168 in file .\objects\touch.s
Comment: L0.2018 used once
L0.2054 00000806

Symbol: L0.2054
   Definitions
      At line 1190 in file .\objects\touch.s
   Uses
      At line 1212 in file .\objects\touch.s
Comment: L0.2054 used once
L0.2056 00000808

Symbol: L0.2056
   Definitions
      At line 1192 in file .\objects\touch.s
   Uses
      At line 628 in file .\objects\touch.s
      At line 635 in file .\objects\touch.s
      At line 642 in file .\objects\touch.s
      At line 645 in file .\objects\touch.s
      At line 650 in file .\objects\touch.s



ARM Macro Assembler    Page 9 Alphabetic symbol ordering
Relocatable symbols

      At line 653 in file .\objects\touch.s
      At line 660 in file .\objects\touch.s
      At line 663 in file .\objects\touch.s
      At line 669 in file .\objects\touch.s
      At line 674 in file .\objects\touch.s
      At line 679 in file .\objects\touch.s
      At line 687 in file .\objects\touch.s
      At line 697 in file .\objects\touch.s
      At line 704 in file .\objects\touch.s
      At line 731 in file .\objects\touch.s
      At line 746 in file .\objects\touch.s
      At line 765 in file .\objects\touch.s
      At line 788 in file .\objects\touch.s
      At line 798 in file .\objects\touch.s
      At line 806 in file .\objects\touch.s
      At line 819 in file .\objects\touch.s
      At line 877 in file .\objects\touch.s
      At line 900 in file .\objects\touch.s
      At line 907 in file .\objects\touch.s
      At line 911 in file .\objects\touch.s
      At line 920 in file .\objects\touch.s
      At line 942 in file .\objects\touch.s
      At line 956 in file .\objects\touch.s
      At line 962 in file .\objects\touch.s
      At line 1030 in file .\objects\touch.s
      At line 1038 in file .\objects\touch.s
      At line 1044 in file .\objects\touch.s
      At line 1053 in file .\objects\touch.s
      At line 1057 in file .\objects\touch.s
      At line 1064 in file .\objects\touch.s
      At line 1076 in file .\objects\touch.s
      At line 1084 in file .\objects\touch.s
      At line 1105 in file .\objects\touch.s
      At line 1109 in file .\objects\touch.s
      At line 1117 in file .\objects\touch.s
      At line 1125 in file .\objects\touch.s
      At line 1134 in file .\objects\touch.s
      At line 1142 in file .\objects\touch.s
      At line 1151 in file .\objects\touch.s
      At line 1161 in file .\objects\touch.s
      At line 1167 in file .\objects\touch.s

L0.2060 0000080C

Symbol: L0.2060
   Definitions
      At line 1194 in file .\objects\touch.s
   Uses
      At line 724 in file .\objects\touch.s
Comment: L0.2060 used once
L0.2064 00000810

Symbol: L0.2064
   Definitions
      At line 1196 in file .\objects\touch.s
   Uses
      At line 757 in file .\objects\touch.s
      At line 761 in file .\objects\touch.s
      At line 769 in file .\objects\touch.s



ARM Macro Assembler    Page 10 Alphabetic symbol ordering
Relocatable symbols

      At line 778 in file .\objects\touch.s
      At line 784 in file .\objects\touch.s
      At line 791 in file .\objects\touch.s
      At line 801 in file .\objects\touch.s
      At line 812 in file .\objects\touch.s
      At line 816 in file .\objects\touch.s
      At line 822 in file .\objects\touch.s
      At line 836 in file .\objects\touch.s
      At line 856 in file .\objects\touch.s
      At line 880 in file .\objects\touch.s
      At line 886 in file .\objects\touch.s
      At line 890 in file .\objects\touch.s
      At line 894 in file .\objects\touch.s
      At line 926 in file .\objects\touch.s
      At line 928 in file .\objects\touch.s
      At line 934 in file .\objects\touch.s
      At line 946 in file .\objects\touch.s
      At line 953 in file .\objects\touch.s
      At line 965 in file .\objects\touch.s
      At line 1002 in file .\objects\touch.s
      At line 1013 in file .\objects\touch.s
      At line 1022 in file .\objects\touch.s
      At line 1027 in file .\objects\touch.s
      At line 1047 in file .\objects\touch.s
      At line 1074 in file .\objects\touch.s
      At line 1089 in file .\objects\touch.s
      At line 1094 in file .\objects\touch.s
      At line 1115 in file .\objects\touch.s
      At line 1123 in file .\objects\touch.s
      At line 1132 in file .\objects\touch.s
      At line 1140 in file .\objects\touch.s
      At line 1164 in file .\objects\touch.s
      At line 1174 in file .\objects\touch.s
      At line 1180 in file .\objects\touch.s
      At line 1187 in file .\objects\touch.s

L0.2068 00000814

Symbol: L0.2068
   Definitions
      At line 1198 in file .\objects\touch.s
   Uses
      At line 772 in file .\objects\touch.s
      At line 969 in file .\objects\touch.s
      At line 973 in file .\objects\touch.s

L0.2072 00000818

Symbol: L0.2072
   Definitions
      At line 1200 in file .\objects\touch.s
   Uses
      At line 845 in file .\objects\touch.s
      At line 852 in file .\objects\touch.s
      At line 864 in file .\objects\touch.s

L0.2076 0000081C

Symbol: L0.2076



ARM Macro Assembler    Page 11 Alphabetic symbol ordering
Relocatable symbols

   Definitions
      At line 1202 in file .\objects\touch.s
   Uses
      At line 904 in file .\objects\touch.s
      At line 917 in file .\objects\touch.s

L0.2080 00000820

Symbol: L0.2080
   Definitions
      At line 1204 in file .\objects\touch.s
   Uses
      At line 982 in file .\objects\touch.s
Comment: L0.2080 used once
L0.2084 00000824

Symbol: L0.2084
   Definitions
      At line 1206 in file .\objects\touch.s
   Uses
      At line 995 in file .\objects\touch.s
Comment: L0.2084 used once
L0.2088 00000828

Symbol: L0.2088
   Definitions
      At line 1208 in file .\objects\touch.s
   Uses
      At line 1170 in file .\objects\touch.s
Comment: L0.2088 used once
L0.2106 0000083A

Symbol: L0.2106
   Definitions
      At line 1218 in file .\objects\touch.s
   Uses
      At line 1238 in file .\objects\touch.s
Comment: L0.2106 used once
L0.2130 00000852

Symbol: L0.2130
   Definitions
      At line 1231 in file .\objects\touch.s
   Uses
      At line 1224 in file .\objects\touch.s
Comment: L0.2130 used once
L0.2134 00000856

Symbol: L0.2134
   Definitions
      At line 1234 in file .\objects\touch.s
   Uses
      At line 1217 in file .\objects\touch.s
Comment: L0.2134 used once
L0.2168 00000878

Symbol: L0.2168
   Definitions
      At line 1251 in file .\objects\touch.s



ARM Macro Assembler    Page 12 Alphabetic symbol ordering
Relocatable symbols

   Uses
      At line 1283 in file .\objects\touch.s
Comment: L0.2168 used once
L0.2218 000008AA

Symbol: L0.2218
   Definitions
      At line 1276 in file .\objects\touch.s
   Uses
      At line 1264 in file .\objects\touch.s
Comment: L0.2218 used once
L0.2222 000008AE

Symbol: L0.2222
   Definitions
      At line 1279 in file .\objects\touch.s
   Uses
      At line 1250 in file .\objects\touch.s
Comment: L0.2222 used once
L0.2288 000008F0

Symbol: L0.2288
   Definitions
      At line 1312 in file .\objects\touch.s
   Uses
      At line 1334 in file .\objects\touch.s
Comment: L0.2288 used once
L0.2316 0000090C

Symbol: L0.2316
   Definitions
      At line 1327 in file .\objects\touch.s
   Uses
      At line 1316 in file .\objects\touch.s
Comment: L0.2316 used once
L0.2320 00000910

Symbol: L0.2320
   Definitions
      At line 1330 in file .\objects\touch.s
   Uses
      At line 1311 in file .\objects\touch.s
Comment: L0.2320 used once
L0.2334 0000091E

Symbol: L0.2334
   Definitions
      At line 1338 in file .\objects\touch.s
   Uses
      At line 1409 in file .\objects\touch.s
Comment: L0.2334 used once
L0.2338 00000922

Symbol: L0.2338
   Definitions
      At line 1341 in file .\objects\touch.s
   Uses
      At line 1406 in file .\objects\touch.s
Comment: L0.2338 used once



ARM Macro Assembler    Page 13 Alphabetic symbol ordering
Relocatable symbols

L0.2348 0000092C

Symbol: L0.2348
   Definitions
      At line 1347 in file .\objects\touch.s
   Uses
      At line 1345 in file .\objects\touch.s
Comment: L0.2348 used once
L0.2412 0000096C

Symbol: L0.2412
   Definitions
      At line 1379 in file .\objects\touch.s
   Uses
      At line 1360 in file .\objects\touch.s
Comment: L0.2412 used once
L0.2446 0000098E

Symbol: L0.2446
   Definitions
      At line 1397 in file .\objects\touch.s
   Uses
      At line 1378 in file .\objects\touch.s
Comment: L0.2446 used once
L0.2448 00000990

Symbol: L0.2448
   Definitions
      At line 1399 in file .\objects\touch.s
   Uses
      At line 1346 in file .\objects\touch.s
Comment: L0.2448 used once
L0.2452 00000994

Symbol: L0.2452
   Definitions
      At line 1402 in file .\objects\touch.s
   Uses
      At line 1340 in file .\objects\touch.s
Comment: L0.2452 used once
L0.2470 000009A6

Symbol: L0.2470
   Definitions
      At line 1412 in file .\objects\touch.s
   Uses
      At line 1191 in file .\objects\touch.s
Comment: L0.2470 used once
L0.2474 000009AA

Symbol: L0.2474
   Definitions
      At line 1415 in file .\objects\touch.s
   Uses
      At line 1427 in file .\objects\touch.s
Comment: L0.2474 used once
L0.2492 000009BC

Symbol: L0.2492



ARM Macro Assembler    Page 14 Alphabetic symbol ordering
Relocatable symbols

   Definitions
      At line 1425 in file .\objects\touch.s
   Uses
      At line 1414 in file .\objects\touch.s
Comment: L0.2492 used once
L0.2526 000009DE

Symbol: L0.2526
   Definitions
      At line 1444 in file .\objects\touch.s
   Uses
      At line 1537 in file .\objects\touch.s
Comment: L0.2526 used once
L0.254 000000FE

Symbol: L0.254
   Definitions
      At line 141 in file .\objects\touch.s
   Uses
      At line 108 in file .\objects\touch.s
Comment: L0.254 used once
L0.2702 00000A8E

Symbol: L0.2702
   Definitions
      At line 1533 in file .\objects\touch.s
   Uses
      At line 1443 in file .\objects\touch.s
Comment: L0.2702 used once
L0.2754 00000AC2

Symbol: L0.2754
   Definitions
      At line 1560 in file .\objects\touch.s
   Uses
      At line 1543 in file .\objects\touch.s
Comment: L0.2754 used once
L0.2764 00000ACC

Symbol: L0.2764
   Definitions
      At line 1566 in file .\objects\touch.s
   Uses
      At line 1437 in file .\objects\touch.s
Comment: L0.2764 used once
L0.2766 00000ACE

Symbol: L0.2766
   Definitions
      At line 1568 in file .\objects\touch.s
   Uses
      At line 1441 in file .\objects\touch.s
Comment: L0.2766 used once
L0.2768 00000AD0

Symbol: L0.2768
   Definitions
      At line 1570 in file .\objects\touch.s
   Uses



ARM Macro Assembler    Page 15 Alphabetic symbol ordering
Relocatable symbols

      At line 1565 in file .\objects\touch.s
Comment: L0.2768 used once
L0.2780 00000ADC

Symbol: L0.2780
   Definitions
      At line 1577 in file .\objects\touch.s
   Uses
      At line 1567 in file .\objects\touch.s
Comment: L0.2780 used once
L0.2792 00000AE8

Symbol: L0.2792
   Definitions
      At line 1583 in file .\objects\touch.s
   Uses
      At line 1569 in file .\objects\touch.s
      At line 1576 in file .\objects\touch.s

L0.2822 00000B06

Symbol: L0.2822
   Definitions
      At line 1600 in file .\objects\touch.s
   Uses
      At line 1800 in file .\objects\touch.s
Comment: L0.2822 used once
L0.2826 00000B0A

Symbol: L0.2826
   Definitions
      At line 1603 in file .\objects\touch.s
   Uses
      At line 1790 in file .\objects\touch.s
Comment: L0.2826 used once
L0.2982 00000BA6

Symbol: L0.2982
   Definitions
      At line 1679 in file .\objects\touch.s
   Uses
      At line 1673 in file .\objects\touch.s
Comment: L0.2982 used once
L0.2990 00000BAE

Symbol: L0.2990
   Definitions
      At line 1684 in file .\objects\touch.s
   Uses
      At line 1678 in file .\objects\touch.s
Comment: L0.2990 used once
L0.3060 00000BF4

Symbol: L0.3060
   Definitions
      At line 1719 in file .\objects\touch.s
   Uses
      At line 1593 in file .\objects\touch.s
Comment: L0.3060 used once



ARM Macro Assembler    Page 16 Alphabetic symbol ordering
Relocatable symbols

L0.3062 00000BF6

Symbol: L0.3062
   Definitions
      At line 1721 in file .\objects\touch.s
   Uses
      At line 1597 in file .\objects\touch.s
Comment: L0.3062 used once
L0.3064 00000BF8

Symbol: L0.3064
   Definitions
      At line 1723 in file .\objects\touch.s
   Uses
      At line 1718 in file .\objects\touch.s
Comment: L0.3064 used once
L0.3094 00000C16

Symbol: L0.3094
   Definitions
      At line 1739 in file .\objects\touch.s
   Uses
      At line 1629 in file .\objects\touch.s
Comment: L0.3094 used once
L0.3096 00000C18

Symbol: L0.3096
   Definitions
      At line 1741 in file .\objects\touch.s
   Uses
      At line 1209 in file .\objects\touch.s
      At line 1214 in file .\objects\touch.s
      At line 1219 in file .\objects\touch.s
      At line 1225 in file .\objects\touch.s
      At line 1235 in file .\objects\touch.s
      At line 1241 in file .\objects\touch.s
      At line 1245 in file .\objects\touch.s
      At line 1254 in file .\objects\touch.s
      At line 1259 in file .\objects\touch.s
      At line 1265 in file .\objects\touch.s
      At line 1270 in file .\objects\touch.s
      At line 1274 in file .\objects\touch.s
      At line 1280 in file .\objects\touch.s
      At line 1296 in file .\objects\touch.s
      At line 1299 in file .\objects\touch.s
      At line 1306 in file .\objects\touch.s
      At line 1313 in file .\objects\touch.s
      At line 1321 in file .\objects\touch.s
      At line 1331 in file .\objects\touch.s
      At line 1342 in file .\objects\touch.s
      At line 1350 in file .\objects\touch.s
      At line 1355 in file .\objects\touch.s
      At line 1363 in file .\objects\touch.s
      At line 1372 in file .\objects\touch.s
      At line 1382 in file .\objects\touch.s
      At line 1391 in file .\objects\touch.s
      At line 1403 in file .\objects\touch.s
      At line 1445 in file .\objects\touch.s
      At line 1450 in file .\objects\touch.s



ARM Macro Assembler    Page 17 Alphabetic symbol ordering
Relocatable symbols

      At line 1455 in file .\objects\touch.s
      At line 1461 in file .\objects\touch.s
      At line 1467 in file .\objects\touch.s
      At line 1472 in file .\objects\touch.s
      At line 1477 in file .\objects\touch.s
      At line 1483 in file .\objects\touch.s
      At line 1489 in file .\objects\touch.s
      At line 1494 in file .\objects\touch.s
      At line 1499 in file .\objects\touch.s
      At line 1505 in file .\objects\touch.s
      At line 1512 in file .\objects\touch.s
      At line 1517 in file .\objects\touch.s
      At line 1523 in file .\objects\touch.s
      At line 1527 in file .\objects\touch.s
      At line 1534 in file .\objects\touch.s
      At line 1538 in file .\objects\touch.s
      At line 1544 in file .\objects\touch.s
      At line 1548 in file .\objects\touch.s
      At line 1552 in file .\objects\touch.s
      At line 1556 in file .\objects\touch.s
      At line 1561 in file .\objects\touch.s
      At line 1573 in file .\objects\touch.s
      At line 1578 in file .\objects\touch.s
      At line 1604 in file .\objects\touch.s
      At line 1611 in file .\objects\touch.s
      At line 1615 in file .\objects\touch.s
      At line 1624 in file .\objects\touch.s
      At line 1630 in file .\objects\touch.s
      At line 1636 in file .\objects\touch.s
      At line 1641 in file .\objects\touch.s
      At line 1648 in file .\objects\touch.s
      At line 1655 in file .\objects\touch.s
      At line 1660 in file .\objects\touch.s
      At line 1667 in file .\objects\touch.s
      At line 1674 in file .\objects\touch.s
      At line 1680 in file .\objects\touch.s
      At line 1685 in file .\objects\touch.s
      At line 1694 in file .\objects\touch.s
      At line 1706 in file .\objects\touch.s
      At line 1714 in file .\objects\touch.s
      At line 1727 in file .\objects\touch.s

L0.3100 00000C1C

Symbol: L0.3100
   Definitions
      At line 1743 in file .\objects\touch.s
   Uses
      At line 1229 in file .\objects\touch.s
      At line 1284 in file .\objects\touch.s
      At line 1288 in file .\objects\touch.s
      At line 1294 in file .\objects\touch.s
      At line 1319 in file .\objects\touch.s
      At line 1361 in file .\objects\touch.s
      At line 1370 in file .\objects\touch.s
      At line 1380 in file .\objects\touch.s
      At line 1389 in file .\objects\touch.s
      At line 1416 in file .\objects\touch.s




ARM Macro Assembler    Page 18 Alphabetic symbol ordering
Relocatable symbols

L0.3104 00000C20

Symbol: L0.3104
   Definitions
      At line 1745 in file .\objects\touch.s
   Uses
      At line 1421 in file .\objects\touch.s
Comment: L0.3104 used once
L0.3110 00000C26

Symbol: L0.3110
   Definitions
      At line 1748 in file .\objects\touch.s
   Uses
      At line 1736 in file .\objects\touch.s
Comment: L0.3110 used once
L0.3112 00000C28

Symbol: L0.3112
   Definitions
      At line 1750 in file .\objects\touch.s
   Uses
      At line 1738 in file .\objects\touch.s
Comment: L0.3112 used once
L0.3120 00000C30

Symbol: L0.3120
   Definitions
      At line 1755 in file .\objects\touch.s
   Uses
      At line 1752 in file .\objects\touch.s
Comment: L0.3120 used once
L0.3122 00000C32

Symbol: L0.3122
   Definitions
      At line 1757 in file .\objects\touch.s
   Uses
      At line 1754 in file .\objects\touch.s
Comment: L0.3122 used once
L0.3138 00000C42

Symbol: L0.3138
   Definitions
      At line 1766 in file .\objects\touch.s
   Uses
      At line 1740 in file .\objects\touch.s
Comment: L0.3138 used once
L0.314 0000013A

Symbol: L0.314
   Definitions
      At line 171 in file .\objects\touch.s
   Uses
      At line 155 in file .\objects\touch.s
Comment: L0.314 used once
L0.3140 00000C44

Symbol: L0.3140



ARM Macro Assembler    Page 19 Alphabetic symbol ordering
Relocatable symbols

   Definitions
      At line 1768 in file .\objects\touch.s
   Uses
      At line 1635 in file .\objects\touch.s
      At line 1747 in file .\objects\touch.s

L0.3154 00000C52

Symbol: L0.3154
   Definitions
      At line 1776 in file .\objects\touch.s
   Uses
      At line 1654 in file .\objects\touch.s
      At line 1759 in file .\objects\touch.s
      At line 1767 in file .\objects\touch.s

L0.3174 00000C66

Symbol: L0.3174
   Definitions
      At line 1787 in file .\objects\touch.s
   Uses
      At line 1602 in file .\objects\touch.s
Comment: L0.3174 used once
L0.3180 00000C6C

Symbol: L0.3180
   Definitions
      At line 1791 in file .\objects\touch.s
   Uses
      At line 1789 in file .\objects\touch.s
Comment: L0.3180 used once
L0.3184 00000C70

Symbol: L0.3184
   Definitions
      At line 1794 in file .\objects\touch.s
   Uses
      At line 1599 in file .\objects\touch.s
Comment: L0.3184 used once
L0.3196 00000C7C

Symbol: L0.3196
   Definitions
      At line 1801 in file .\objects\touch.s
   Uses
      At line 1799 in file .\objects\touch.s
Comment: L0.3196 used once
L0.3214 00000C8E

Symbol: L0.3214
   Definitions
      At line 1810 in file .\objects\touch.s
   Uses
      At line 1722 in file .\objects\touch.s
Comment: L0.3214 used once
L0.3218 00000C92

Symbol: L0.3218



ARM Macro Assembler    Page 20 Alphabetic symbol ordering
Relocatable symbols

   Definitions
      At line 1813 in file .\objects\touch.s
   Uses
      At line 1850 in file .\objects\touch.s
Comment: L0.3218 used once
L0.3222 00000C96

Symbol: L0.3222
   Definitions
      At line 1816 in file .\objects\touch.s
   Uses
      At line 1842 in file .\objects\touch.s
Comment: L0.3222 used once
L0.3268 00000CC4

Symbol: L0.3268
   Definitions
      At line 1840 in file .\objects\touch.s
   Uses
      At line 1815 in file .\objects\touch.s
Comment: L0.3268 used once
L0.3276 00000CCC

Symbol: L0.3276
   Definitions
      At line 1845 in file .\objects\touch.s
   Uses
      At line 1812 in file .\objects\touch.s
Comment: L0.3276 used once
L0.3302 00000CE6

Symbol: L0.3302
   Definitions
      At line 1859 in file .\objects\touch.s
   Uses
      At line 1720 in file .\objects\touch.s
Comment: L0.3302 used once
L0.3306 00000CEA

Symbol: L0.3306
   Definitions
      At line 1862 in file .\objects\touch.s
   Uses
      At line 1886 in file .\objects\touch.s
Comment: L0.3306 used once
L0.3310 00000CEE

Symbol: L0.3310
   Definitions
      At line 1865 in file .\objects\touch.s
   Uses
      At line 1878 in file .\objects\touch.s
Comment: L0.3310 used once
L0.3330 00000D02

Symbol: L0.3330
   Definitions
      At line 1876 in file .\objects\touch.s
   Uses



ARM Macro Assembler    Page 21 Alphabetic symbol ordering
Relocatable symbols

      At line 1864 in file .\objects\touch.s
Comment: L0.3330 used once
L0.3338 00000D0A

Symbol: L0.3338
   Definitions
      At line 1881 in file .\objects\touch.s
   Uses
      At line 1861 in file .\objects\touch.s
Comment: L0.3338 used once
L0.3364 00000D24

Symbol: L0.3364
   Definitions
      At line 1894 in file .\objects\touch.s
   Uses
      At line 1809 in file .\objects\touch.s
      At line 1858 in file .\objects\touch.s

L0.3380 00000D34

Symbol: L0.3380
   Definitions
      At line 1906 in file .\objects\touch.s
   Uses
      At line 1932 in file .\objects\touch.s
Comment: L0.3380 used once
L0.3420 00000D5C

Symbol: L0.3420
   Definitions
      At line 1927 in file .\objects\touch.s
   Uses
      At line 1905 in file .\objects\touch.s
Comment: L0.3420 used once
L0.3432 00000D68

Symbol: L0.3432
   Definitions
      At line 1934 in file .\objects\touch.s
   Uses
      At line 1903 in file .\objects\touch.s
Comment: L0.3432 used once
L0.3436 00000D6C

Symbol: L0.3436
   Definitions
      At line 1937 in file .\objects\touch.s
   Uses
      At line 1993 in file .\objects\touch.s
Comment: L0.3436 used once
L0.3540 00000DD4

Symbol: L0.3540
   Definitions
      At line 1988 in file .\objects\touch.s
   Uses
      At line 1936 in file .\objects\touch.s
Comment: L0.3540 used once



ARM Macro Assembler    Page 22 Alphabetic symbol ordering
Relocatable symbols

L0.3550 00000DDE

Symbol: L0.3550
   Definitions
      At line 1994 in file .\objects\touch.s
   Uses
      At line 1933 in file .\objects\touch.s
Comment: L0.3550 used once
L0.3558 00000DE6

Symbol: L0.3558
   Definitions
      At line 2002 in file .\objects\touch.s
   Uses
      At line 2261 in file .\objects\touch.s
Comment: L0.3558 used once
L0.368 00000170

Symbol: L0.368
   Definitions
      At line 198 in file .\objects\touch.s
   Uses
      At line 182 in file .\objects\touch.s
Comment: L0.368 used once
L0.3718 00000E86

Symbol: L0.3718
   Definitions
      At line 2081 in file .\objects\touch.s
   Uses
      At line 2078 in file .\objects\touch.s
Comment: L0.3718 used once
L0.3720 00000E88

Symbol: L0.3720
   Definitions
      At line 2083 in file .\objects\touch.s
   Uses
      At line 2080 in file .\objects\touch.s
Comment: L0.3720 used once
L0.3750 00000EA6

Symbol: L0.3750
   Definitions
      At line 2099 in file .\objects\touch.s
   Uses
      At line 2096 in file .\objects\touch.s
Comment: L0.3750 used once
L0.3752 00000EA8

Symbol: L0.3752
   Definitions
      At line 2101 in file .\objects\touch.s
   Uses
      At line 2098 in file .\objects\touch.s
Comment: L0.3752 used once
L0.3866 00000F1A

Symbol: L0.3866



ARM Macro Assembler    Page 23 Alphabetic symbol ordering
Relocatable symbols

   Definitions
      At line 2158 in file .\objects\touch.s
   Uses
      At line 2139 in file .\objects\touch.s
Comment: L0.3866 used once
L0.3904 00000F40

Symbol: L0.3904
   Definitions
      At line 2178 in file .\objects\touch.s
   Uses
      At line 2157 in file .\objects\touch.s
Comment: L0.3904 used once
L0.3928 00000F58

Symbol: L0.3928
   Definitions
      At line 2191 in file .\objects\touch.s
   Uses
      At line 2128 in file .\objects\touch.s
Comment: L0.3928 used once
L0.3974 00000F86

Symbol: L0.3974
   Definitions
      At line 2215 in file .\objects\touch.s
   Uses
      At line 2190 in file .\objects\touch.s
Comment: L0.3974 used once
L0.4052 00000FD4

Symbol: L0.4052
   Definitions
      At line 2255 in file .\objects\touch.s
   Uses
      At line 2001 in file .\objects\touch.s
Comment: L0.4052 used once
L0.4064 00000FE0

Symbol: L0.4064
   Definitions
      At line 2262 in file .\objects\touch.s
   Uses
      At line 2260 in file .\objects\touch.s
Comment: L0.4064 used once
L0.4080 00000FF0

Symbol: L0.4080
   Definitions
      At line 2274 in file .\objects\touch.s
   Uses
      At line 2814 in file .\objects\touch.s
Comment: L0.4080 used once
L0.4144 00001030

Symbol: L0.4144
   Definitions
      At line 2306 in file .\objects\touch.s
   Uses



ARM Macro Assembler    Page 24 Alphabetic symbol ordering
Relocatable symbols

      At line 1760 in file .\objects\touch.s
      At line 1769 in file .\objects\touch.s
      At line 1773 in file .\objects\touch.s
      At line 1778 in file .\objects\touch.s
      At line 1795 in file .\objects\touch.s
      At line 1803 in file .\objects\touch.s
      At line 1817 in file .\objects\touch.s
      At line 1824 in file .\objects\touch.s
      At line 1831 in file .\objects\touch.s
      At line 1846 in file .\objects\touch.s
      At line 1851 in file .\objects\touch.s
      At line 1855 in file .\objects\touch.s
      At line 1867 in file .\objects\touch.s
      At line 1882 in file .\objects\touch.s
      At line 1888 in file .\objects\touch.s
      At line 1900 in file .\objects\touch.s
      At line 1907 in file .\objects\touch.s
      At line 1911 in file .\objects\touch.s
      At line 1915 in file .\objects\touch.s
      At line 1920 in file .\objects\touch.s
      At line 1928 in file .\objects\touch.s
      At line 1938 in file .\objects\touch.s
      At line 1941 in file .\objects\touch.s
      At line 1952 in file .\objects\touch.s
      At line 1957 in file .\objects\touch.s
      At line 1961 in file .\objects\touch.s
      At line 1964 in file .\objects\touch.s
      At line 1975 in file .\objects\touch.s
      At line 1981 in file .\objects\touch.s
      At line 1989 in file .\objects\touch.s
      At line 2003 in file .\objects\touch.s
      At line 2007 in file .\objects\touch.s
      At line 2011 in file .\objects\touch.s
      At line 2016 in file .\objects\touch.s
      At line 2021 in file .\objects\touch.s
      At line 2025 in file .\objects\touch.s
      At line 2030 in file .\objects\touch.s
      At line 2034 in file .\objects\touch.s
      At line 2040 in file .\objects\touch.s
      At line 2045 in file .\objects\touch.s
      At line 2050 in file .\objects\touch.s
      At line 2054 in file .\objects\touch.s
      At line 2060 in file .\objects\touch.s
      At line 2065 in file .\objects\touch.s
      At line 2072 in file .\objects\touch.s
      At line 2085 in file .\objects\touch.s
      At line 2089 in file .\objects\touch.s
      At line 2103 in file .\objects\touch.s
      At line 2108 in file .\objects\touch.s
      At line 2112 in file .\objects\touch.s
      At line 2115 in file .\objects\touch.s
      At line 2121 in file .\objects\touch.s
      At line 2124 in file .\objects\touch.s
      At line 2129 in file .\objects\touch.s
      At line 2133 in file .\objects\touch.s
      At line 2140 in file .\objects\touch.s
      At line 2144 in file .\objects\touch.s
      At line 2149 in file .\objects\touch.s
      At line 2154 in file .\objects\touch.s



ARM Macro Assembler    Page 25 Alphabetic symbol ordering
Relocatable symbols

      At line 2159 in file .\objects\touch.s
      At line 2164 in file .\objects\touch.s
      At line 2170 in file .\objects\touch.s
      At line 2175 in file .\objects\touch.s
      At line 2180 in file .\objects\touch.s
      At line 2185 in file .\objects\touch.s
      At line 2192 in file .\objects\touch.s
      At line 2196 in file .\objects\touch.s
      At line 2201 in file .\objects\touch.s
      At line 2205 in file .\objects\touch.s
      At line 2211 in file .\objects\touch.s
      At line 2216 in file .\objects\touch.s
      At line 2220 in file .\objects\touch.s
      At line 2224 in file .\objects\touch.s
      At line 2229 in file .\objects\touch.s
      At line 2234 in file .\objects\touch.s
      At line 2239 in file .\objects\touch.s
      At line 2243 in file .\objects\touch.s
      At line 2248 in file .\objects\touch.s
      At line 2256 in file .\objects\touch.s
      At line 2269 in file .\objects\touch.s
      At line 2275 in file .\objects\touch.s
      At line 2282 in file .\objects\touch.s
      At line 2286 in file .\objects\touch.s
      At line 2293 in file .\objects\touch.s
      At line 2299 in file .\objects\touch.s
      At line 2303 in file .\objects\touch.s

L0.4148 00001034

Symbol: L0.4148
   Definitions
      At line 2308 in file .\objects\touch.s
   Uses
      At line 1946 in file .\objects\touch.s
      At line 1969 in file .\objects\touch.s

L0.4152 00001038

Symbol: L0.4152
   Definitions
      At line 2310 in file .\objects\touch.s
   Uses
      At line 2305 in file .\objects\touch.s
Comment: L0.4152 used once
L0.418 000001A2

Symbol: L0.418
   Definitions
      At line 224 in file .\objects\touch.s
   Uses
      At line 177 in file .\objects\touch.s
Comment: L0.418 used once
L0.4198 00001066

Symbol: L0.4198
   Definitions
      At line 2334 in file .\objects\touch.s
   Uses



ARM Macro Assembler    Page 26 Alphabetic symbol ordering
Relocatable symbols

      At line 2316 in file .\objects\touch.s
Comment: L0.4198 used once
L0.4220 0000107C

Symbol: L0.4220
   Definitions
      At line 2345 in file .\objects\touch.s
   Uses
      At line 2298 in file .\objects\touch.s
Comment: L0.4220 used once
L0.4262 000010A6

Symbol: L0.4262
   Definitions
      At line 2366 in file .\objects\touch.s
   Uses
      At line 2392 in file .\objects\touch.s
Comment: L0.4262 used once
L0.4302 000010CE

Symbol: L0.4302
   Definitions
      At line 2387 in file .\objects\touch.s
   Uses
      At line 2365 in file .\objects\touch.s
Comment: L0.4302 used once
L0.4312 000010D8

Symbol: L0.4312
   Definitions
      At line 2393 in file .\objects\touch.s
   Uses
      At line 2341 in file .\objects\touch.s
      At line 2344 in file .\objects\touch.s
      At line 2359 in file .\objects\touch.s
      At line 2363 in file .\objects\touch.s

L0.4348 000010FC

Symbol: L0.4348
   Definitions
      At line 2412 in file .\objects\touch.s
   Uses
      At line 2281 in file .\objects\touch.s
Comment: L0.4348 used once
L0.4350 000010FE

Symbol: L0.4350
   Definitions
      At line 2414 in file .\objects\touch.s
   Uses
      At line 2411 in file .\objects\touch.s
Comment: L0.4350 used once
L0.4360 00001108

Symbol: L0.4360
   Definitions
      At line 2420 in file .\objects\touch.s
   Uses



ARM Macro Assembler    Page 27 Alphabetic symbol ordering
Relocatable symbols

      At line 2400 in file .\objects\touch.s
      At line 2408 in file .\objects\touch.s

L0.4362 0000110A

Symbol: L0.4362
   Definitions
      At line 2422 in file .\objects\touch.s
   Uses
      At line 2413 in file .\objects\touch.s
Comment: L0.4362 used once
L0.4454 00001166

Symbol: L0.4454
   Definitions
      At line 2468 in file .\objects\touch.s
   Uses
      At line 2458 in file .\objects\touch.s
      At line 2462 in file .\objects\touch.s

L0.4560 000011D0

Symbol: L0.4560
   Definitions
      At line 2522 in file .\objects\touch.s
   Uses
      At line 2496 in file .\objects\touch.s
      At line 2507 in file .\objects\touch.s

L0.4600 000011F8

Symbol: L0.4600
   Definitions
      At line 2543 in file .\objects\touch.s
   Uses
      At line 2534 in file .\objects\touch.s
Comment: L0.4600 used once
L0.462 000001CE

Symbol: L0.462
   Definitions
      At line 247 in file .\objects\touch.s
   Uses
      At line 170 in file .\objects\touch.s
      At line 197 in file .\objects\touch.s
      At line 223 in file .\objects\touch.s

L0.4636 0000121C

Symbol: L0.4636
   Definitions
      At line 2562 in file .\objects\touch.s
   Uses
      At line 2432 in file .\objects\touch.s
Comment: L0.4636 used once
L0.4638 0000121E

Symbol: L0.4638
   Definitions



ARM Macro Assembler    Page 28 Alphabetic symbol ordering
Relocatable symbols

      At line 2564 in file .\objects\touch.s
   Uses
      At line 2561 in file .\objects\touch.s
Comment: L0.4638 used once
L0.4650 0000122A

Symbol: L0.4650
   Definitions
      At line 2571 in file .\objects\touch.s
   Uses
      At line 2563 in file .\objects\touch.s
Comment: L0.4650 used once
L0.4658 00001232

Symbol: L0.4658
   Definitions
      At line 2576 in file .\objects\touch.s
   Uses
      At line 2421 in file .\objects\touch.s
      At line 2451 in file .\objects\touch.s
      At line 2529 in file .\objects\touch.s
      At line 2542 in file .\objects\touch.s
      At line 2551 in file .\objects\touch.s
      At line 2570 in file .\objects\touch.s

L0.4712 00001268

Symbol: L0.4712
   Definitions
      At line 2603 in file .\objects\touch.s
   Uses
      At line 2600 in file .\objects\touch.s
Comment: L0.4712 used once
L0.4714 0000126A

Symbol: L0.4714
   Definitions
      At line 2605 in file .\objects\touch.s
   Uses
      At line 2602 in file .\objects\touch.s
Comment: L0.4714 used once
L0.4772 000012A4

Symbol: L0.4772
   Definitions
      At line 2634 in file .\objects\touch.s
   Uses
      At line 2631 in file .\objects\touch.s
Comment: L0.4772 used once
L0.4774 000012A6

Symbol: L0.4774
   Definitions
      At line 2636 in file .\objects\touch.s
   Uses
      At line 2633 in file .\objects\touch.s
Comment: L0.4774 used once
L0.4778 000012AA




ARM Macro Assembler    Page 29 Alphabetic symbol ordering
Relocatable symbols

Symbol: L0.4778
   Definitions
      At line 2639 in file .\objects\touch.s
   Uses
      At line 2607 in file .\objects\touch.s
Comment: L0.4778 used once
L0.4782 000012AE

Symbol: L0.4782
   Definitions
      At line 2642 in file .\objects\touch.s
   Uses
      At line 2638 in file .\objects\touch.s
Comment: L0.4782 used once
L0.48 00000030

Symbol: L0.48
   Definitions
      At line 32 in file .\objects\touch.s
   Uses
      At line 11 in file .\objects\touch.s
Comment: L0.48 used once
L0.4878 0000130E

Symbol: L0.4878
   Definitions
      At line 2689 in file .\objects\touch.s
   Uses
      At line 2664 in file .\objects\touch.s
Comment: L0.4878 used once
L0.4882 00001312

Symbol: L0.4882
   Definitions
      At line 2692 in file .\objects\touch.s
   Uses
      At line 2688 in file .\objects\touch.s
Comment: L0.4882 used once
L0.4900 00001324

Symbol: L0.4900
   Definitions
      At line 2702 in file .\objects\touch.s
   Uses
      At line 2696 in file .\objects\touch.s
Comment: L0.4900 used once
L0.4910 0000132E

Symbol: L0.4910
   Definitions
      At line 2708 in file .\objects\touch.s
   Uses
      At line 2701 in file .\objects\touch.s
Comment: L0.4910 used once
L0.4962 00001362

Symbol: L0.4962
   Definitions
      At line 2734 in file .\objects\touch.s



ARM Macro Assembler    Page 30 Alphabetic symbol ordering
Relocatable symbols

   Uses
      At line 2729 in file .\objects\touch.s
Comment: L0.4962 used once
L0.4974 0000136E

Symbol: L0.4974
   Definitions
      At line 2740 in file .\objects\touch.s
   Uses
      At line 2713 in file .\objects\touch.s
Comment: L0.4974 used once
L0.5004 0000138C

Symbol: L0.5004
   Definitions
      At line 2755 in file .\objects\touch.s
   Uses
      At line 2796 in file .\objects\touch.s
Comment: L0.5004 used once
L0.5074 000013D2

Symbol: L0.5074
   Definitions
      At line 2791 in file .\objects\touch.s
   Uses
      At line 2754 in file .\objects\touch.s
Comment: L0.5074 used once
L0.5086 000013DE

Symbol: L0.5086
   Definitions
      At line 2798 in file .\objects\touch.s
   Uses
      At line 2748 in file .\objects\touch.s
Comment: L0.5086 used once
L0.5100 000013EC

Symbol: L0.5100
   Definitions
      At line 2805 in file .\objects\touch.s
   Uses
      At line 2707 in file .\objects\touch.s
      At line 2716 in file .\objects\touch.s
      At line 2733 in file .\objects\touch.s
      At line 2739 in file .\objects\touch.s
      At line 2745 in file .\objects\touch.s
      At line 2752 in file .\objects\touch.s
      At line 2797 in file .\objects\touch.s

L0.5104 000013F0

Symbol: L0.5104
   Definitions
      At line 2808 in file .\objects\touch.s
   Uses
      At line 2273 in file .\objects\touch.s
Comment: L0.5104 used once
L0.5116 000013FC




ARM Macro Assembler    Page 31 Alphabetic symbol ordering
Relocatable symbols

Symbol: L0.5116
   Definitions
      At line 2815 in file .\objects\touch.s
   Uses
      At line 2813 in file .\objects\touch.s
Comment: L0.5116 used once
L0.512 00000200

Symbol: L0.512
   Definitions
      At line 279 in file .\objects\touch.s
   Uses
      At line 276 in file .\objects\touch.s
Comment: L0.512 used once
L0.5172 00001434

Symbol: L0.5172
   Definitions
      At line 2844 in file .\objects\touch.s
   Uses
      At line 2312 in file .\objects\touch.s
      At line 2317 in file .\objects\touch.s
      At line 2322 in file .\objects\touch.s
      At line 2329 in file .\objects\touch.s
      At line 2335 in file .\objects\touch.s
      At line 2346 in file .\objects\touch.s
      At line 2350 in file .\objects\touch.s
      At line 2353 in file .\objects\touch.s
      At line 2367 in file .\objects\touch.s
      At line 2371 in file .\objects\touch.s
      At line 2375 in file .\objects\touch.s
      At line 2380 in file .\objects\touch.s
      At line 2388 in file .\objects\touch.s
      At line 2394 in file .\objects\touch.s
      At line 2401 in file .\objects\touch.s
      At line 2409 in file .\objects\touch.s
      At line 2417 in file .\objects\touch.s
      At line 2423 in file .\objects\touch.s
      At line 2427 in file .\objects\touch.s
      At line 2433 in file .\objects\touch.s
      At line 2437 in file .\objects\touch.s
      At line 2441 in file .\objects\touch.s
      At line 2444 in file .\objects\touch.s
      At line 2447 in file .\objects\touch.s
      At line 2452 in file .\objects\touch.s
      At line 2459 in file .\objects\touch.s
      At line 2463 in file .\objects\touch.s
      At line 2469 in file .\objects\touch.s
      At line 2473 in file .\objects\touch.s
      At line 2476 in file .\objects\touch.s
      At line 2481 in file .\objects\touch.s
      At line 2488 in file .\objects\touch.s
      At line 2501 in file .\objects\touch.s
      At line 2508 in file .\objects\touch.s
      At line 2513 in file .\objects\touch.s
      At line 2520 in file .\objects\touch.s
      At line 2523 in file .\objects\touch.s
      At line 2530 in file .\objects\touch.s
      At line 2535 in file .\objects\touch.s



ARM Macro Assembler    Page 32 Alphabetic symbol ordering
Relocatable symbols

      At line 2539 in file .\objects\touch.s
      At line 2544 in file .\objects\touch.s
      At line 2552 in file .\objects\touch.s
      At line 2557 in file .\objects\touch.s
      At line 2568 in file .\objects\touch.s
      At line 2573 in file .\objects\touch.s
      At line 2579 in file .\objects\touch.s
      At line 2583 in file .\objects\touch.s
      At line 2590 in file .\objects\touch.s
      At line 2594 in file .\objects\touch.s
      At line 2608 in file .\objects\touch.s
      At line 2612 in file .\objects\touch.s
      At line 2619 in file .\objects\touch.s
      At line 2624 in file .\objects\touch.s
      At line 2643 in file .\objects\touch.s
      At line 2647 in file .\objects\touch.s
      At line 2654 in file .\objects\touch.s
      At line 2659 in file .\objects\touch.s
      At line 2665 in file .\objects\touch.s
      At line 2669 in file .\objects\touch.s
      At line 2676 in file .\objects\touch.s
      At line 2682 in file .\objects\touch.s
      At line 2693 in file .\objects\touch.s
      At line 2697 in file .\objects\touch.s
      At line 2704 in file .\objects\touch.s
      At line 2709 in file .\objects\touch.s
      At line 2717 in file .\objects\touch.s
      At line 2724 in file .\objects\touch.s
      At line 2735 in file .\objects\touch.s
      At line 2741 in file .\objects\touch.s
      At line 2756 in file .\objects\touch.s
      At line 2760 in file .\objects\touch.s
      At line 2764 in file .\objects\touch.s
      At line 2769 in file .\objects\touch.s
      At line 2775 in file .\objects\touch.s
      At line 2780 in file .\objects\touch.s
      At line 2786 in file .\objects\touch.s
      At line 2792 in file .\objects\touch.s
      At line 2800 in file .\objects\touch.s
      At line 2809 in file .\objects\touch.s
      At line 2816 in file .\objects\touch.s
      At line 2823 in file .\objects\touch.s
      At line 2826 in file .\objects\touch.s
      At line 2831 in file .\objects\touch.s
      At line 2834 in file .\objects\touch.s
      At line 2837 in file .\objects\touch.s

L0.5176 00001438

Symbol: L0.5176
   Definitions
      At line 2846 in file .\objects\touch.s
   Uses
      At line 2843 in file .\objects\touch.s
Comment: L0.5176 used once
L0.5182 0000143E

Symbol: L0.5182
   Definitions



ARM Macro Assembler    Page 33 Alphabetic symbol ordering
Relocatable symbols

      At line 2850 in file .\objects\touch.s
   Uses
      At line 2901 in file .\objects\touch.s
Comment: L0.5182 used once
L0.5184 00001440

Symbol: L0.5184
   Definitions
      At line 2852 in file .\objects\touch.s
   Uses
      At line 2822 in file .\objects\touch.s
      At line 2830 in file .\objects\touch.s

L0.5214 0000145E

Symbol: L0.5214
   Definitions
      At line 2868 in file .\objects\touch.s
   Uses
      At line 2859 in file .\objects\touch.s
      At line 2863 in file .\objects\touch.s

L0.5226 0000146A

Symbol: L0.5226
   Definitions
      At line 2875 in file .\objects\touch.s
   Uses
      At line 2897 in file .\objects\touch.s
Comment: L0.5226 used once
L0.5252 00001484

Symbol: L0.5252
   Definitions
      At line 2889 in file .\objects\touch.s
   Uses
      At line 2882 in file .\objects\touch.s
Comment: L0.5252 used once
L0.5256 00001488

Symbol: L0.5256
   Definitions
      At line 2892 in file .\objects\touch.s
   Uses
      At line 2874 in file .\objects\touch.s
Comment: L0.5256 used once
L0.5266 00001492

Symbol: L0.5266
   Definitions
      At line 2898 in file .\objects\touch.s
   Uses
      At line 2888 in file .\objects\touch.s
Comment: L0.5266 used once
L0.5336 000014D8

Symbol: L0.5336
   Definitions
      At line 2932 in file .\objects\touch.s



ARM Macro Assembler    Page 34 Alphabetic symbol ordering
Relocatable symbols

   Uses
      At line 2924 in file .\objects\touch.s
      At line 2930 in file .\objects\touch.s

L0.5402 0000151A

Symbol: L0.5402
   Definitions
      At line 2965 in file .\objects\touch.s
   Uses
      At line 2958 in file .\objects\touch.s
Comment: L0.5402 used once
L0.5420 0000152C

Symbol: L0.5420
   Definitions
      At line 2974 in file .\objects\touch.s
   Uses
      At line 2964 in file .\objects\touch.s
Comment: L0.5420 used once
L0.544 00000220

Symbol: L0.544
   Definitions
      At line 296 in file .\objects\touch.s
   Uses
      At line 281 in file .\objects\touch.s
Comment: L0.544 used once
L0.5450 0000154A

Symbol: L0.5450
   Definitions
      At line 2990 in file .\objects\touch.s
   Uses
      At line 2973 in file .\objects\touch.s
      At line 2980 in file .\objects\touch.s
      At line 2986 in file .\objects\touch.s

L0.5502 0000157E

Symbol: L0.5502
   Definitions
      At line 3017 in file .\objects\touch.s
   Uses
      At line 2998 in file .\objects\touch.s
Comment: L0.5502 used once
L0.552 00000228

Symbol: L0.552
   Definitions
      At line 301 in file .\objects\touch.s
   Uses
      At line 295 in file .\objects\touch.s
Comment: L0.552 used once
L0.5550 000015AE

Symbol: L0.5550
   Definitions
      At line 3042 in file .\objects\touch.s



ARM Macro Assembler    Page 35 Alphabetic symbol ordering
Relocatable symbols

   Uses
      At line 3016 in file .\objects\touch.s
      At line 3024 in file .\objects\touch.s

L0.5592 000015D8

Symbol: L0.5592
   Definitions
      At line 3063 in file .\objects\touch.s
   Uses
      At line 3050 in file .\objects\touch.s
Comment: L0.5592 used once
L0.5598 000015DE

Symbol: L0.5598
   Definitions
      At line 3067 in file .\objects\touch.s
   Uses
      At line 3058 in file .\objects\touch.s
      At line 3062 in file .\objects\touch.s

L0.5626 000015FA

Symbol: L0.5626
   Definitions
      At line 3081 in file .\objects\touch.s
   Uses
      At line 3076 in file .\objects\touch.s
Comment: L0.5626 used once
L0.5630 000015FE

Symbol: L0.5630
   Definitions
      At line 3084 in file .\objects\touch.s
   Uses
      At line 3110 in file .\objects\touch.s
Comment: L0.5630 used once
L0.5670 00001626

Symbol: L0.5670
   Definitions
      At line 3105 in file .\objects\touch.s
   Uses
      At line 3083 in file .\objects\touch.s
Comment: L0.5670 used once
L0.5682 00001632

Symbol: L0.5682
   Definitions
      At line 3112 in file .\objects\touch.s
   Uses
      At line 3080 in file .\objects\touch.s
Comment: L0.5682 used once
L0.5708 0000164C

Symbol: L0.5708
   Definitions
      At line 3125 in file .\objects\touch.s
   Uses



ARM Macro Assembler    Page 36 Alphabetic symbol ordering
Relocatable symbols

      At line 3120 in file .\objects\touch.s
Comment: L0.5708 used once
L0.5716 00001654

Symbol: L0.5716
   Definitions
      At line 3130 in file .\objects\touch.s
   Uses
      At line 3124 in file .\objects\touch.s
Comment: L0.5716 used once
L0.5782 00001696

Symbol: L0.5782
   Definitions
      At line 3163 in file .\objects\touch.s
   Uses
      At line 3156 in file .\objects\touch.s
Comment: L0.5782 used once
L0.5790 0000169E

Symbol: L0.5790
   Definitions
      At line 3168 in file .\objects\touch.s
   Uses
      At line 3149 in file .\objects\touch.s
Comment: L0.5790 used once
L0.5796 000016A4

Symbol: L0.5796
   Definitions
      At line 3172 in file .\objects\touch.s
   Uses
      At line 3160 in file .\objects\touch.s
      At line 3167 in file .\objects\touch.s

L0.5798 000016A6

Symbol: L0.5798
   Definitions
      At line 3174 in file .\objects\touch.s
   Uses
      At line 3162 in file .\objects\touch.s
Comment: L0.5798 used once
L0.5810 000016B2

Symbol: L0.5810
   Definitions
      At line 3180 in file .\objects\touch.s
   Uses
      At line 3161 in file .\objects\touch.s
Comment: L0.5810 used once
L0.5848 000016D8

Symbol: L0.5848
   Definitions
      At line 3199 in file .\objects\touch.s
   Uses
      At line 3190 in file .\objects\touch.s
Comment: L0.5848 used once



ARM Macro Assembler    Page 37 Alphabetic symbol ordering
Relocatable symbols

L0.5850 000016DA

Symbol: L0.5850
   Definitions
      At line 3201 in file .\objects\touch.s
   Uses
      At line 2918 in file .\objects\touch.s
      At line 2931 in file .\objects\touch.s
      At line 2952 in file .\objects\touch.s
      At line 2991 in file .\objects\touch.s
      At line 3043 in file .\objects\touch.s
      At line 3068 in file .\objects\touch.s
      At line 3141 in file .\objects\touch.s
      At line 3173 in file .\objects\touch.s
      At line 3179 in file .\objects\touch.s

L0.5856 000016E0

Symbol: L0.5856
   Definitions
      At line 3207 in file .\objects\touch.s
   Uses
      At line 2848 in file .\objects\touch.s
      At line 2853 in file .\objects\touch.s
      At line 2860 in file .\objects\touch.s
      At line 2865 in file .\objects\touch.s
      At line 2870 in file .\objects\touch.s
      At line 2876 in file .\objects\touch.s
      At line 2885 in file .\objects\touch.s
      At line 2893 in file .\objects\touch.s
      At line 2906 in file .\objects\touch.s
      At line 2916 in file .\objects\touch.s
      At line 2941 in file .\objects\touch.s
      At line 2946 in file .\objects\touch.s
      At line 2966 in file .\objects\touch.s
      At line 2971 in file .\objects\touch.s
      At line 2988 in file .\objects\touch.s
      At line 2992 in file .\objects\touch.s
      At line 2999 in file .\objects\touch.s
      At line 3004 in file .\objects\touch.s
      At line 3014 in file .\objects\touch.s
      At line 3018 in file .\objects\touch.s
      At line 3025 in file .\objects\touch.s
      At line 3030 in file .\objects\touch.s
      At line 3040 in file .\objects\touch.s
      At line 3044 in file .\objects\touch.s
      At line 3052 in file .\objects\touch.s
      At line 3060 in file .\objects\touch.s
      At line 3065 in file .\objects\touch.s
      At line 3070 in file .\objects\touch.s
      At line 3085 in file .\objects\touch.s
      At line 3089 in file .\objects\touch.s
      At line 3093 in file .\objects\touch.s
      At line 3098 in file .\objects\touch.s
      At line 3106 in file .\objects\touch.s
      At line 3114 in file .\objects\touch.s
      At line 3126 in file .\objects\touch.s
      At line 3128 in file .\objects\touch.s
      At line 3139 in file .\objects\touch.s



ARM Macro Assembler    Page 38 Alphabetic symbol ordering
Relocatable symbols

      At line 3143 in file .\objects\touch.s
      At line 3150 in file .\objects\touch.s
      At line 3158 in file .\objects\touch.s
      At line 3165 in file .\objects\touch.s
      At line 3170 in file .\objects\touch.s
      At line 3177 in file .\objects\touch.s
      At line 3182 in file .\objects\touch.s

L0.5860 000016E4

Symbol: L0.5860
   Definitions
      At line 3209 in file .\objects\touch.s
   Uses
      At line 2919 in file .\objects\touch.s
      At line 2925 in file .\objects\touch.s
      At line 2934 in file .\objects\touch.s
      At line 2939 in file .\objects\touch.s
      At line 2953 in file .\objects\touch.s
      At line 2959 in file .\objects\touch.s
      At line 2975 in file .\objects\touch.s
      At line 2981 in file .\objects\touch.s
      At line 3007 in file .\objects\touch.s
      At line 3011 in file .\objects\touch.s
      At line 3033 in file .\objects\touch.s
      At line 3037 in file .\objects\touch.s
      At line 3131 in file .\objects\touch.s
      At line 3136 in file .\objects\touch.s

L0.5864 000016E8

Symbol: L0.5864
   Definitions
      At line 3211 in file .\objects\touch.s
   Uses
      At line 3077 in file .\objects\touch.s
Comment: L0.5864 used once
L0.5868 000016EC

Symbol: L0.5868
   Definitions
      At line 3213 in file .\objects\touch.s
   Uses
      At line 3121 in file .\objects\touch.s
Comment: L0.5868 used once
L0.620 0000026C

Symbol: L0.620
   Definitions
      At line 334 in file .\objects\touch.s
   Uses
      At line 303 in file .\objects\touch.s
Comment: L0.620 used once
L0.640 00000280

Symbol: L0.640
   Definitions
      At line 345 in file .\objects\touch.s
   Uses



ARM Macro Assembler    Page 39 Alphabetic symbol ordering
Relocatable symbols

      At line 278 in file .\objects\touch.s
Comment: L0.640 used once
L0.658 00000292

Symbol: L0.658
   Definitions
      At line 355 in file .\objects\touch.s
   Uses
      At line 344 in file .\objects\touch.s
Comment: L0.658 used once
L0.674 000002A2

Symbol: L0.674
   Definitions
      At line 370 in file .\objects\touch.s
   Uses
      At line 383 in file .\objects\touch.s
Comment: L0.674 used once
L0.688 000002B0

Symbol: L0.688
   Definitions
      At line 378 in file .\objects\touch.s
   Uses
      At line 369 in file .\objects\touch.s
Comment: L0.688 used once
L0.722 000002D2

Symbol: L0.722
   Definitions
      At line 402 in file .\objects\touch.s
   Uses
      At line 400 in file .\objects\touch.s
Comment: L0.722 used once
L0.726 000002D6

Symbol: L0.726
   Definitions
      At line 405 in file .\objects\touch.s
   Uses
      At line 418 in file .\objects\touch.s
Comment: L0.726 used once
L0.740 000002E4

Symbol: L0.740
   Definitions
      At line 413 in file .\objects\touch.s
   Uses
      At line 404 in file .\objects\touch.s
Comment: L0.740 used once
L0.760 000002F8

Symbol: L0.760
   Definitions
      At line 427 in file .\objects\touch.s
   Uses
      At line 425 in file .\objects\touch.s
Comment: L0.760 used once
L0.824 00000338



ARM Macro Assembler    Page 40 Alphabetic symbol ordering
Relocatable symbols


Symbol: L0.824
   Definitions
      At line 478 in file .\objects\touch.s
   Uses
      At line 476 in file .\objects\touch.s
Comment: L0.824 used once
L0.892 0000037C

Symbol: L0.892
   Definitions
      At line 534 in file .\objects\touch.s
   Uses
      At line 529 in file .\objects\touch.s
Comment: L0.892 used once
L0.900 00000384

Symbol: L0.900
   Definitions
      At line 539 in file .\objects\touch.s
   Uses
      At line 533 in file .\objects\touch.s
Comment: L0.900 used once
L0.962 000003C2

Symbol: L0.962
   Definitions
      At line 581 in file .\objects\touch.s
   Uses
      At line 576 in file .\objects\touch.s
Comment: L0.962 used once
L0.972 000003CC

Symbol: L0.972
   Definitions
      At line 587 in file .\objects\touch.s
   Uses
      At line 580 in file .\objects\touch.s
Comment: L0.972 used once
L0.980 000003D4

Symbol: L0.980
   Definitions
      At line 595 in file .\objects\touch.s
   Uses
      At line 608 in file .\objects\touch.s
Comment: L0.980 used once
L0.994 000003E2

Symbol: L0.994
   Definitions
      At line 603 in file .\objects\touch.s
   Uses
      At line 594 in file .\objects\touch.s
Comment: L0.994 used once
TOUCH_IRQHandler 00000032

Symbol: TOUCH_IRQHandler
   Definitions



ARM Macro Assembler    Page 41 Alphabetic symbol ordering
Relocatable symbols

      At line 36 in file .\objects\touch.s
   Uses
      At line 515 in file ..\\..\\..\\..\\..\\core\\cmsis\\include\\cmsis_armcc
.h
Comment: TOUCH_IRQHandler used once
Touch_Config_Mode 000006B2

Symbol: Touch_Config_Mode
   Definitions
      At line 1007 in file .\objects\touch.s
   Uses
      At line 2933 in file .\objects\touch.s
      At line 547 in file ..\\..\\..\\..\\..\\core\\cmsis\\include\\cmsis_armcc
.h

Touch_Disicion_Key 00000FE2

Symbol: Touch_Disicion_Key
   Definitions
      At line 2266 in file .\objects\touch.s
   Uses
      At line 3142 in file .\objects\touch.s
      At line 552 in file ..\\..\\..\\..\\..\\core\\cmsis\\include\\cmsis_armcc
.h

Touch_Do_Task 00001498

Symbol: Touch_Do_Task
   Definitions
      At line 2904 in file .\objects\touch.s
   Uses
      At line 553 in file ..\\..\\..\\..\\..\\core\\cmsis\\include\\cmsis_armcc
.h
Comment: Touch_Do_Task used once
Touch_Get_Key 00000414

Symbol: Touch_Get_Key
   Definitions
      At line 634 in file .\objects\touch.s
   Uses
      At line 542 in file ..\\..\\..\\..\\..\\core\\cmsis\\include\\cmsis_armcc
.h
Comment: Touch_Get_Key used once
Touch_Get_Single_CH 000005BE

Symbol: Touch_Get_Single_CH
   Definitions
      At line 875 in file .\objects\touch.s
   Uses
      At line 1052 in file .\objects\touch.s
      At line 1104 in file .\objects\touch.s
      At line 1240 in file .\objects\touch.s
      At line 1253 in file .\objects\touch.s
      At line 1298 in file .\objects\touch.s
      At line 1349 in file .\objects\touch.s
      At line 545 in file ..\\..\\..\\..\\..\\core\\cmsis\\include\\cmsis_armcc
.h

Touch_Init_Base 000009C2



ARM Macro Assembler    Page 42 Alphabetic symbol ordering
Relocatable symbols


Symbol: Touch_Init_Base
   Definitions
      At line 1431 in file .\objects\touch.s
   Uses
      At line 3051 in file .\objects\touch.s
      At line 548 in file ..\\..\\..\\..\\..\\core\\cmsis\\include\\cmsis_armcc
.h

Touch_Init_Register 000004DE

Symbol: Touch_Init_Register
   Definitions
      At line 754 in file .\objects\touch.s
   Uses
      At line 2914 in file .\objects\touch.s
      At line 544 in file ..\\..\\..\\..\\..\\core\\cmsis\\include\\cmsis_armcc
.h

Touch_Init_Variable 0000041A

Symbol: Touch_Init_Variable
   Definitions
      At line 640 in file .\objects\touch.s
   Uses
      At line 2913 in file .\objects\touch.s
      At line 543 in file ..\\..\\..\\..\\..\\core\\cmsis\\include\\cmsis_armcc
.h

Touch_Make_Data 00000DE0

Symbol: Touch_Make_Data
   Definitions
      At line 1998 in file .\objects\touch.s
   Uses
      At line 3113 in file .\objects\touch.s
      At line 551 in file ..\\..\\..\\..\\..\\core\\cmsis\\include\\cmsis_armcc
.h

Touch_Ref_Compen 00000D26

Symbol: Touch_Ref_Compen
   Definitions
      At line 1898 in file .\objects\touch.s
   Uses
      At line 3069 in file .\objects\touch.s
      At line 550 in file ..\\..\\..\\..\\..\\core\\cmsis\\include\\cmsis_armcc
.h

Touch_Set_BaseHold_Rate 00000316

Symbol: Touch_Set_BaseHold_Rate
   Definitions
      At line 451 in file .\objects\touch.s
   Uses
      At line 525 in file ..\\..\\..\\..\\..\\core\\cmsis\\include\\cmsis_armcc
.h
Comment: Touch_Set_BaseHold_Rate used once
Touch_Set_Base_Tracking 0000031E



ARM Macro Assembler    Page 43 Alphabetic symbol ordering
Relocatable symbols


Symbol: Touch_Set_Base_Tracking
   Definitions
      At line 458 in file .\objects\touch.s
   Uses
      At line 526 in file ..\\..\\..\\..\\..\\core\\cmsis\\include\\cmsis_armcc
.h
Comment: Touch_Set_Base_Tracking used once
Touch_Set_CH_POS_noise_THD 000002F0

Symbol: Touch_Set_CH_POS_noise_THD
   Definitions
      At line 422 in file .\objects\touch.s
   Uses
      At line 522 in file ..\\..\\..\\..\\..\\core\\cmsis\\include\\cmsis_armcc
.h
Comment: Touch_Set_CH_POS_noise_THD used once
Touch_Set_CH_Serial_Register 00000408

Symbol: Touch_Set_CH_Serial_Register
   Definitions
      At line 625 in file .\objects\touch.s
   Uses
      At line 541 in file ..\\..\\..\\..\\..\\core\\cmsis\\include\\cmsis_armcc
.h
Comment: Touch_Set_CH_Serial_Register used once
Touch_Set_CH_THD 000002BC

Symbol: Touch_Set_CH_THD
   Definitions
      At line 387 in file .\objects\touch.s
   Uses
      At line 520 in file ..\\..\\..\\..\\..\\core\\cmsis\\include\\cmsis_armcc
.h
Comment: Touch_Set_CH_THD used once
Touch_Set_Common_POS_noise_THD 000002C8

Symbol: Touch_Set_Common_POS_noise_THD
   Definitions
      At line 396 in file .\objects\touch.s
   Uses
      At line 521 in file ..\\..\\..\\..\\..\\core\\cmsis\\include\\cmsis_armcc
.h
Comment: Touch_Set_Common_POS_noise_THD used once
Touch_Set_Common_Serial_Register 000003CE

Symbol: Touch_Set_Common_Serial_Register
   Definitions
      At line 591 in file .\objects\touch.s
   Uses
      At line 540 in file ..\\..\\..\\..\\..\\core\\cmsis\\include\\cmsis_armcc
.h
Comment: Touch_Set_Common_Serial_Register used once
Touch_Set_Common_THD 0000029C

Symbol: Touch_Set_Common_THD
   Definitions
      At line 366 in file .\objects\touch.s
   Uses



ARM Macro Assembler    Page 44 Alphabetic symbol ordering
Relocatable symbols

      At line 519 in file ..\\..\\..\\..\\..\\core\\cmsis\\include\\cmsis_armcc
.h
Comment: Touch_Set_Common_THD used once
Touch_Set_Comp_RefV 0000038E

Symbol: Touch_Set_Comp_RefV
   Definitions
      At line 550 in file .\objects\touch.s
   Uses
      At line 537 in file ..\\..\\..\\..\\..\\core\\cmsis\\include\\cmsis_armcc
.h
Comment: Touch_Set_Comp_RefV used once
Touch_Set_Debounce 00000356

Symbol: Touch_Set_Debounce
   Definitions
      At line 505 in file .\objects\touch.s
   Uses
      At line 532 in file ..\\..\\..\\..\\..\\core\\cmsis\\include\\cmsis_armcc
.h
Comment: Touch_Set_Debounce used once
Touch_Set_Freq_Shift 000003B6

Symbol: Touch_Set_Freq_Shift
   Definitions
      At line 574 in file .\objects\touch.s
   Uses
      At line 539 in file ..\\..\\..\\..\\..\\core\\cmsis\\include\\cmsis_armcc
.h
Comment: Touch_Set_Freq_Shift used once
Touch_Set_Frequency 00000386

Symbol: Touch_Set_Frequency
   Definitions
      At line 543 in file .\objects\touch.s
   Uses
      At line 536 in file ..\\..\\..\\..\\..\\core\\cmsis\\include\\cmsis_armcc
.h
Comment: Touch_Set_Frequency used once
Touch_Set_Group_CH 00000304

Symbol: Touch_Set_Group_CH
   Definitions
      At line 436 in file .\objects\touch.s
   Uses
      At line 523 in file ..\\..\\..\\..\\..\\core\\cmsis\\include\\cmsis_armcc
.h
Comment: Touch_Set_Group_CH used once
Touch_Set_Hold_Key_Release_Time 0000032A

Symbol: Touch_Set_Hold_Key_Release_Time
   Definitions
      At line 467 in file .\objects\touch.s
   Uses
      At line 527 in file ..\\..\\..\\..\\..\\core\\cmsis\\include\\cmsis_armcc
.h
Comment: Touch_Set_Hold_Key_Release_Time used once
Touch_Set_IIR 00000360




ARM Macro Assembler    Page 45 Alphabetic symbol ordering
Relocatable symbols

Symbol: Touch_Set_IIR
   Definitions
      At line 513 in file .\objects\touch.s
   Uses
      At line 533 in file ..\\..\\..\\..\\..\\core\\cmsis\\include\\cmsis_armcc
.h
Comment: Touch_Set_IIR used once
Touch_Set_Inact_Port 00000370

Symbol: Touch_Set_Inact_Port
   Definitions
      At line 527 in file .\objects\touch.s
   Uses
      At line 535 in file ..\\..\\..\\..\\..\\core\\cmsis\\include\\cmsis_armcc
.h
Comment: Touch_Set_Inact_Port used once
Touch_Set_Init_Delay 00000368

Symbol: Touch_Set_Init_Delay
   Definitions
      At line 520 in file .\objects\touch.s
   Uses
      At line 534 in file ..\\..\\..\\..\\..\\core\\cmsis\\include\\cmsis_armcc
.h
Comment: Touch_Set_Init_Delay used once
Touch_Set_Mode 000001D2

Symbol: Touch_Set_Mode
   Definitions
      At line 252 in file .\objects\touch.s
   Uses
      At line 516 in file ..\\..\\..\\..\\..\\core\\cmsis\\include\\cmsis_armcc
.h
Comment: Touch_Set_Mode used once
Touch_Set_NoiseTHD_Rate 0000030E

Symbol: Touch_Set_NoiseTHD_Rate
   Definitions
      At line 444 in file .\objects\touch.s
   Uses
      At line 524 in file ..\\..\\..\\..\\..\\core\\cmsis\\include\\cmsis_armcc
.h
Comment: Touch_Set_NoiseTHD_Rate used once
Touch_Set_Release_Rate 0000033E

Symbol: Touch_Set_Release_Rate
   Definitions
      At line 484 in file .\objects\touch.s
   Uses
      At line 529 in file ..\\..\\..\\..\\..\\core\\cmsis\\include\\cmsis_armcc
.h
Comment: Touch_Set_Release_Rate used once
Touch_Set_Reverse_Rate 00000346

Symbol: Touch_Set_Reverse_Rate
   Definitions
      At line 491 in file .\objects\touch.s
   Uses
      At line 530 in file ..\\..\\..\\..\\..\\core\\cmsis\\include\\cmsis_armcc



ARM Macro Assembler    Page 46 Alphabetic symbol ordering
Relocatable symbols

.h
Comment: Touch_Set_Reverse_Rate used once
Touch_Set_Reverse_Time 0000034E

Symbol: Touch_Set_Reverse_Time
   Definitions
      At line 498 in file .\objects\touch.s
   Uses
      At line 531 in file ..\\..\\..\\..\\..\\core\\cmsis\\include\\cmsis_armcc
.h
Comment: Touch_Set_Reverse_Time used once
Touch_Set_Shield 000001DA

Symbol: Touch_Set_Shield
   Definitions
      At line 259 in file .\objects\touch.s
   Uses
      At line 517 in file ..\\..\\..\\..\\..\\core\\cmsis\\include\\cmsis_armcc
.h
Comment: Touch_Set_Shield used once
Touch_Set_Single_Key_Press_limit 00000332

Symbol: Touch_Set_Single_Key_Press_limit
   Definitions
      At line 474 in file .\objects\touch.s
   Uses
      At line 528 in file ..\\..\\..\\..\\..\\core\\cmsis\\include\\cmsis_armcc
.h
Comment: Touch_Set_Single_Key_Press_limit used once
Touch_Set_Sum_Count 00000294

Symbol: Touch_Set_Sum_Count
   Definitions
      At line 359 in file .\objects\touch.s
   Uses
      At line 518 in file ..\\..\\..\\..\\..\\core\\cmsis\\include\\cmsis_armcc
.h
Comment: Touch_Set_Sum_Count used once
Touch_Set_VHS 000003A2

Symbol: Touch_Set_VHS
   Definitions
      At line 562 in file .\objects\touch.s
   Uses
      At line 538 in file ..\\..\\..\\..\\..\\core\\cmsis\\include\\cmsis_armcc
.h
Comment: Touch_Set_VHS used once
Touch_Start_Touch 00000638

Symbol: Touch_Start_Touch
   Definitions
      At line 940 in file .\objects\touch.s
   Uses
      At line 2969 in file .\objects\touch.s
      At line 546 in file ..\\..\\..\\..\\..\\core\\cmsis\\include\\cmsis_armcc
.h

Touch_Update_Base 00000AEA




ARM Macro Assembler    Page 47 Alphabetic symbol ordering
Relocatable symbols

Symbol: Touch_Update_Base
   Definitions
      At line 1587 in file .\objects\touch.s
   Uses
      At line 3175 in file .\objects\touch.s
      At line 549 in file ..\\..\\..\\..\\..\\core\\cmsis\\include\\cmsis_armcc
.h

__NVIC_DisableIRQ 00000000

Symbol: __NVIC_DisableIRQ
   Definitions
      At line 9 in file .\objects\touch.s
   Uses
      At line 58 in file .\objects\touch.s
      At line 169 in file .\objects\touch.s
      At line 196 in file .\objects\touch.s
      At line 3198 in file .\objects\touch.s
      At line 573 in file ..\\..\\..\\..\\..\\core\\cmsis\\include\\cmsis_armcc
.h

|.text| 00000000

Symbol: |.text|
   Definitions
      At line 7 in file .\objects\touch.s
   Uses
      None
Comment: |.text| unused
271 symbols



ARM Macro Assembler    Page 1 Alphabetic symbol ordering
Relocatable symbols

|.arm_vfe_header| 00000000

Symbol: |.arm_vfe_header|
   Definitions
      At line 3216 in file .\objects\touch.s
   Uses
      None
Comment: |.arm_vfe_header| unused
1 symbol



ARM Macro Assembler    Page 1 Alphabetic symbol ordering
Relocatable symbols

ts_reg 000000DC

Symbol: ts_reg
   Definitions
      At line 3224 in file .\objects\touch.s
   Uses
      At line 1201 in file .\objects\touch.s
      At line 1746 in file .\objects\touch.s
      At line 555 in file ..\\..\\..\\..\\..\\core\\cmsis\\include\\cmsis_armcc
.h

|.bss| 00000000

Symbol: |.bss|
   Definitions
      At line 3220 in file .\objects\touch.s
   Uses
      None
Comment: |.bss| unused
|ts| 00000000

Symbol: |ts|
   Definitions
      At line 3222 in file .\objects\touch.s
   Uses
      At line 618 in file .\objects\touch.s
      At line 1193 in file .\objects\touch.s
      At line 1742 in file .\objects\touch.s
      At line 2307 in file .\objects\touch.s
      At line 2845 in file .\objects\touch.s
      At line 3208 in file .\objects\touch.s
      At line 554 in file ..\\..\\..\\..\\..\\core\\cmsis\\include\\cmsis_armcc
.h

3 symbols



ARM Macro Assembler    Page 1 Alphabetic symbol ordering
Relocatable symbols

func_p_user_filter_diffdata 00000004

Symbol: func_p_user_filter_diffdata
   Definitions
      At line 3231 in file .\objects\touch.s
   Uses
      At line 3214 in file .\objects\touch.s
      At line 557 in file ..\\..\\..\\..\\..\\core\\cmsis\\include\\cmsis_armcc
.h

func_p_user_filter_onesensingdata 00000000

Symbol: func_p_user_filter_onesensingdata
   Definitions
      At line 3229 in file .\objects\touch.s
   Uses
      At line 3212 in file .\objects\touch.s
      At line 556 in file ..\\..\\..\\..\\..\\core\\cmsis\\include\\cmsis_armcc
.h

key_channel_map 00000008

Symbol: key_channel_map
   Definitions
      At line 3233 in file .\objects\touch.s
   Uses
      At line 1195 in file .\objects\touch.s
      At line 558 in file ..\\..\\..\\..\\..\\core\\cmsis\\include\\cmsis_armcc
.h

ref_channel_gain 00000068

Symbol: ref_channel_gain
   Definitions
      At line 3258 in file .\objects\touch.s
   Uses
      At line 2309 in file .\objects\touch.s
      At line 559 in file ..\\..\\..\\..\\..\\core\\cmsis\\include\\cmsis_armcc
.h

|.data| 00000000

Symbol: |.data|
   Definitions
      At line 3227 in file .\objects\touch.s
   Uses
      None
Comment: |.data| unused
5 symbols



ARM Macro Assembler    Page 1 Alphabetic symbol ordering
Relocatable symbols

L15.14 0000000E

Symbol: L15.14
   Definitions
      At line 3294 in file .\objects\touch.s
   Uses
      At line 3302 in file .\objects\touch.s
Comment: L15.14 used once
L15.24 00000018

Symbol: L15.24
   Definitions
      At line 3300 in file .\objects\touch.s
   Uses
      At line 3293 in file .\objects\touch.s
Comment: L15.24 used once
__ARM_common_switch8 00000000

Symbol: __ARM_common_switch8
   Definitions
      At line 3286 in file .\objects\touch.s
   Uses
      At line 2909 in file .\objects\touch.s
      At line 560 in file ..\\..\\..\\..\\..\\core\\cmsis\\include\\cmsis_armcc
.h

|i.__ARM_common_switch8| 00000000

Symbol: |i.__ARM_common_switch8|
   Definitions
      At line 3284 in file .\objects\touch.s
   Uses
      None
Comment: |i.__ARM_common_switch8| unused
4 symbols



ARM Macro Assembler    Page 1 Alphabetic symbol ordering
Relocatable symbols

__asm___7_touch_c_95667e3c____REV16 00000000

Symbol: __asm___7_touch_c_95667e3c____REV16
   Definitions
      At line 492 in file ..\\..\\..\\..\\..\\core\\cmsis\\include\\cmsis_armcc
.h
   Uses
      At line 3 in file ..\\..\\code_lib\\touch.c
Comment: __asm___7_touch_c_95667e3c____REV16 used once
|.rev16_text| 00000000

Symbol: |.rev16_text|
   Definitions
      At line 1 in file ..\\..\\code_lib\\touch.c
   Uses
      None
Comment: |.rev16_text| unused
2 symbols



ARM Macro Assembler    Page 1 Alphabetic symbol ordering
Relocatable symbols

__asm___7_touch_c_95667e3c____REVSH 00000000

Symbol: __asm___7_touch_c_95667e3c____REVSH
   Definitions
      At line 507 in file ..\\..\\..\\..\\..\\core\\cmsis\\include\\cmsis_armcc
.h
   Uses
      At line 499 in file ..\\..\\..\\..\\..\\core\\cmsis\\include\\cmsis_armcc
.h
Comment: __asm___7_touch_c_95667e3c____REVSH used once
|.revsh_text| 00000000

Symbol: |.revsh_text|
   Definitions
      At line 497 in file ..\\..\\..\\..\\..\\core\\cmsis\\include\\cmsis_armcc
.h
   Uses
      None
Comment: |.revsh_text| unused
2 symbols



ARM Macro Assembler    Page 1 Alphabetic symbol ordering
External symbols

HAL_GPIO_SetFunction 00000000

Symbol: HAL_GPIO_SetFunction
   Definitions
      At line 564 in file ..\\..\\..\\..\\..\\core\\cmsis\\include\\cmsis_armcc
.h
   Uses
      At line 307 in file .\objects\touch.s
Comment: HAL_GPIO_SetFunction used once
HAL_GPIO_SetMode 00000000

Symbol: HAL_GPIO_SetMode
   Definitions
      At line 565 in file ..\\..\\..\\..\\..\\core\\cmsis\\include\\cmsis_armcc
.h
   Uses
      At line 311 in file .\objects\touch.s
Comment: HAL_GPIO_SetMode used once
UT_Clear_Timer 00000000

Symbol: UT_Clear_Timer
   Definitions
      At line 571 in file ..\\..\\..\\..\\..\\core\\cmsis\\include\\cmsis_armcc
.h
   Uses
      At line 2343 in file .\objects\touch.s
      At line 2804 in file .\objects\touch.s

UT_Get_Status 00000000

Symbol: UT_Get_Status
   Definitions
      At line 567 in file ..\\..\\..\\..\\..\\core\\cmsis\\include\\cmsis_armcc
.h
   Uses
      At line 1433 in file .\objects\touch.s
      At line 1589 in file .\objects\touch.s

UT_Is_Expired 00000000

Symbol: UT_Is_Expired
   Definitions
      At line 568 in file ..\\..\\..\\..\\..\\core\\cmsis\\include\\cmsis_armcc
.h
   Uses
      At line 1439 in file .\objects\touch.s
      At line 1595 in file .\objects\touch.s
      At line 2361 in file .\objects\touch.s
      At line 2750 in file .\objects\touch.s

UT_Set_Timer 00000000

Symbol: UT_Set_Timer
   Definitions
      At line 569 in file ..\\..\\..\\..\\..\\core\\cmsis\\include\\cmsis_armcc
.h
   Uses
      At line 1582 in file .\objects\touch.s
      At line 1808 in file .\objects\touch.s



ARM Macro Assembler    Page 2 Alphabetic symbol ordering
External symbols

      At line 1893 in file .\objects\touch.s
      At line 2467 in file .\objects\touch.s
      At line 2732 in file .\objects\touch.s
      At line 2738 in file .\objects\touch.s

__aeabi_idivmod 00000000

Symbol: __aeabi_idivmod
   Definitions
      At line 570 in file ..\\..\\..\\..\\..\\core\\cmsis\\include\\cmsis_armcc
.h
   Uses
      At line 1647 in file .\objects\touch.s
      At line 1666 in file .\objects\touch.s
      At line 1951 in file .\objects\touch.s
      At line 1974 in file .\objects\touch.s
      At line 2119 in file .\objects\touch.s
      At line 2292 in file .\objects\touch.s
      At line 2589 in file .\objects\touch.s
      At line 2618 in file .\objects\touch.s
      At line 2653 in file .\objects\touch.s
      At line 2675 in file .\objects\touch.s

__aeabi_uidivmod 00000000

Symbol: __aeabi_uidivmod
   Definitions
      At line 566 in file ..\\..\\..\\..\\..\\core\\cmsis\\include\\cmsis_armcc
.h
   Uses
      At line 555 in file .\objects\touch.s
      At line 567 in file .\objects\touch.s
      At line 1614 in file .\objects\touch.s
      At line 1704 in file .\objects\touch.s
      At line 2020 in file .\objects\touch.s
      At line 2044 in file .\objects\touch.s

t_sysbit 00000000

Symbol: t_sysbit
   Definitions
      At line 563 in file ..\\..\\..\\..\\..\\core\\cmsis\\include\\cmsis_armcc
.h
   Uses
      At line 614 in file .\objects\touch.s
      At line 1199 in file .\objects\touch.s
      At line 3210 in file .\objects\touch.s

|Lib$$Request$$armlib| 00000000

Symbol: |Lib$$Request$$armlib|
   Definitions
      At line 562 in file ..\\..\\..\\..\\..\\core\\cmsis\\include\\cmsis_armcc
.h
   Uses
      None
Comment: |Lib$$Request$$armlib| unused
10 symbols
630 symbols in table
